{
    "iron_shovel": {
        "id": 256, 
        "name": "Iron Shovel", 
        "texture": "iron_shovel.png",
        "optainable": true, 
        "maxdamage": 250, 
        "stacksize": 1
    }, 
    "iron_pickaxe": {
        "id": 257, 
        "name": "Iron Pickaxe", 
        "texture": "iron_pickaxe.png",
        "optainable": true, 
        "maxdamage": 250, 
        "stacksize": 1
    }, 
    "iron_axe": {
        "id": 258, 
        "name": "Iron Axe", 
        "texture": "iron_axe.png",
        "optainable": true, 
        "maxdamage": 250, 
        "stacksize": 1
    }, 
    "flint_and_steel": {
        "id": 259, 
        "name": "Flint and Steel", 
        "texture": "flint_and_steel.png",
        "optainable": true, 
        "maxdamage": 64, 
        "stacksize": 1
    }, 
    "apple": {
        "id": 260, 
        "name": "Apple", 
        "texture": "apple.png",
        "optainable": true, 
        "maxdamage": 0, 
        "stacksize": 64
    }, 
    "bow": {
        "id": 261, 
        "name": "Bow", 
        "texture": "bow_standby.png",
        "optainable": true, 
        "maxdamage": 384, 
        "stacksize": 1
    }, 
    "arrow": {
        "id": 262, 
        "name": "Arrow", 
        "texture": "arrow.png",
        "optainable": true, 
        "maxdamage": 0, 
        "stacksize": 64
    }, 
    "coal": {
        "id": 263, 
        "name": ["Coal", 
                 "Charcoal"],
        "texture": ["coal.png",
                    "charcoal.png"],
        "optainable": true, 
        "maxdamage": 1, 
        "stacksize": 64
    }, 
    "diamond": {
        "id": 264, 
        "name": "Diamond", 
        "texture": "diamond.png",
        "optainable": true, 
        "maxdamage": 0, 
        "stacksize": 64
    }, 
    "iron_ingot": {
        "id": 265, 
        "name": "Iron Ingot", 
        "texture": "iron_ingot.png",
        "optainable": true, 
        "maxdamage": 0, 
        "stacksize": 64
    }, 
    "gold_ingot": {
        "id": 266, 
        "name": "Gold Ingot", 
        "texture": "gold_ingot.png",
        "optainable": true, 
        "maxdamage": 0, 
        "stacksize": 64
    }, 
    "iron_sword": {
        "id": 267, 
        "name": "Iron Sword", 
        "texture": "iron_sword.png",
        "optainable": true, 
        "maxdamage": 250, 
        "stacksize": 1
    }, 
    "wooden_sword": {
        "id": 268, 
        "name": "Wooden Sword", 
        "texture": "wood_sword.png",
        "optainable": true, 
        "maxdamage": 59, 
        "stacksize": 1
    }, 
    "wooden_shovel": {
        "id": 269, 
        "name": "Wooden Shovel", 
        "texture": "wod_shovel.png",
        "optainable": true, 
        "maxdamage": 59, 
        "stacksize": 1
    }, 
    "wooden_pickaxe": {
        "id": 270, 
        "name": "Wooden Pickaxe", 
        "texture": "wood_pickaxe.png",
        "optainable": true, 
        "maxdamage": 59, 
        "stacksize": 1
    }, 
    "wooden_axe": {
        "id": 271, 
        "name": "Wooden Axe", 
        "texture": "woood_axe.png",
        "optainable": true, 
        "maxdamage": 59, 
        "stacksize": 1
    }, 
    "stone_sword": {
        "id": 272, 
        "name": "Stone Sword", 
        "texture": "stone_sword.png",
        "optainable": true, 
        "maxdamage": 131, 
        "stacksize": 1
    }, 
    "stone_shovel": {
        "id": 273, 
        "name": "Stone Shovel", 
        "texture": "stone_shovel.png",
        "optainable": true, 
        "maxdamage": 131, 
        "stacksize": 1
    }, 
    "stone_pickaxe": {
        "id": 274, 
        "name": "Stone Pickaxe", 
        "texture": "stone_pickaxe.png",
        "optainable": true, 
        "maxdamage": 131, 
        "stacksize": 1
    }, 
    "stone_axe": {
        "id": 275, 
        "name": "Stone Axe", 
        "texture": "stone_axe.png",
        "optainable": true, 
        "maxdamage": 131, 
        "stacksize": 1
    }, 
    "diamond_sword": {
        "id": 276, 
        "name": "Diamond Sword", 
        "texture": "diamond_sword.png",
        "optainable": true, 
        "maxdamage": 1561, 
        "stacksize": 1
    }, 
    "diamond_shovel": {
        "id": 277, 
        "name": "Diamond Shovel", 
        "texture": "diamond_shovel.png",
        "optainable": true, 
        "maxdamage": 1561, 
        "stacksize": 1
    }, 
    "diamond_pickaxe": {
        "id": 278, 
        "name": "Diamond Pickaxe", 
        "texture": "diamond_pickaxe.png",
        "optainable": true, 
        "maxdamage": 1561, 
        "stacksize": 1
    }, 
    "diamond_axe": {
        "id": 279, 
        "name": "Diamond Axe", 
        "texture": "diamond_axe.png",
        "optainable": true, 
        "maxdamage": 1561, 
        "stacksize": 1
    }, 
    "stick": {
        "id": 280, 
        "name": "Stick", 
        "texture": "stick.png",
        "optainable": true, 
        "maxdamage": 0, 
        "stacksize": 64
    }, 
    "bowl": {
        "id": 281, 
        "name": "Bowl", 
        "texture": "bowl.png",
        "optainable": true, 
        "maxdamage": 0, 
        "stacksize": 64
    }, 
    "mushroom_stew": {
        "id": 282, 
        "name": "Mushroom Stew", 
        "texture": "mushroom_stew.png",
        "optainable": true, 
        "maxdamage": 0, 
        "stacksize": 1
    }, 
    "golden_sword": {
        "id": 283, 
        "name": "Golden Sword", 
        "texture": "gold_sword.png",
        "optainable": true, 
        "maxdamage": 32, 
        "stacksize": 1
    }, 
    "golden_shovel": {
        "id": 284, 
        "name": "Golden Shovel", 
        "texture": "gold_shovel.png",
        "optainable": true, 
        "maxdamage": 32, 
        "stacksize": 1
    }, 
    "golden_pickaxe": {
        "id": 285, 
        "name": "Golden Pickaxe", 
        "texture": "gold_pickaxe.png",
        "optainable": true, 
        "maxdamage": 32, 
        "stacksize": 1
    }, 
    "golden_axe": {
        "id": 286, 
        "name": "Golden Axe", 
        "texture": "gold_axe.png",
        "optainable": true, 
        "maxdamage": 32, 
        "stacksize": 1
    }, 
    "string": {
        "id": 287, 
        "name": "String", 
        "texture": "string.png",
        "optainable": true, 
        "maxdamage": 0, 
        "stacksize": 64
    }, 
    "feather": {
        "id": 288, 
        "name": "Feather", 
        "texture": "feather.png",
        "optainable": true, 
        "maxdamage": 0, 
        "stacksize": 64
    }, 
    "gunpowder": {
        "id": 289, 
        "name": "Gunpowder", 
        "texture": "gunpowder.png",
        "optainable": true, 
        "maxdamage": 0, 
        "stacksize": 64
    }, 
    "wooden_hoe": {
        "id": 290, 
        "name": "Wooden Hoe", 
        "texture": "wood_hoe.png",
        "optainable": true, 
        "maxdamage": 59, 
        "stacksize": 1
    }, 
    "stone_hoe": {
        "id": 291, 
        "name": "Stone Hoe", 
        "texture": "stone_hoe.png",
        "optainable": true, 
        "maxdamage": 131, 
        "stacksize": 1
    }, 
    "iron_hoe": {
        "id": 292, 
        "name": "Iron Hoe", 
        "texture": "iron_hoe.png",
        "optainable": true, 
        "maxdamage": 250,
        "stacksize": 1
    }, 
    "diamond_hoe": {
        "id": 293, 
        "name": "Diamond Hoe", 
        "texture": "diamond_hoe.png",
        "optainable": true, 
        "maxdamage": 1561, 
        "stacksize": 1
    }, 
    "golden_hoe": {
        "id": 294, 
        "name": "Golden Hoe", 
        "texture": "gold_hoe.png",
        "optainable": true, 
        "maxdamage": 32, 
        "stacksize": 1
    }, 
    "wheat_seeds": {
        "id": 295, 
        "name": "Seeds", 
        "texture": "seeds_wheat.png",
        "optainable": true, 
        "maxdamage": 0, 
        "stacksize": 64
    }, 
    "wheat": {
        "id": 296, 
        "name": "Wheat", 
        "texture": "wheat.png",
        "optainable": true, 
        "maxdamage": 0, 
        "stacksize": 64
    }, 
    "bread": {
        "id": 297, 
        "name": "Bread", 
        "texture": "bread.png",
        "optainable": true, 
        "maxdamage": 0, 
        "stacksize": 64
    }, 
    "leather_helmet": {
        "id": 298, 
        "name": "Leather Cap", 
        "texture": "leather_helmet.png",
        "optainable": true, 
        "maxdamage": 55, 
        "stacksize": 1
    }, 
    "leather_chestplate": {
        "id": 299, 
        "name": "Leather Tunic", 
        "texture": "leather_chestplate.png",
        "optainable": true, 
        "maxdamage": 80, 
        "stacksize": 1
    }, 
    "leather_leggings": {
        "id": 300, 
        "name": "Leather Pants", 
        "texture": "leather_leggings.png",
        "optainable": true, 
        "maxdamage": 75, 
        "stacksize": 1
    }, 
    "leather_boots": {
        "id": 301, 
        "name": "Leather Boots", 
        "texture": "leather_boots.png",
        "optainable": true, 
        "maxdamage": 65, 
        "stacksize": 1
    }, 
    "chainmail_helmet": {
        "id": 302, 
        "name": "Chain Helmet", 
        "texture": "chainmail_helmet.png",
        "optainable": true, 
        "maxdamage": 165, 
        "stacksize": 1
    }, 
    "chainmail_chestplate": {
        "id": 303, 
        "name": "Chain Tunic", 
        "texture": "chainmail_chestplate.png",
        "optainable": true, 
        "maxdamage": 240, 
        "stacksize": 1
    }, 
    "chainmail_leggings": {
        "id": 304, 
        "name": "Chain Leggings", 
        "texture": "chainmail_leggings.png",
        "optainable": true, 
        "maxdamage": 225, 
        "stacksize": 1
    }, 
    "chainmail_boots": {
        "id": 305, 
        "name": "Chain Boots", 
        "texture": "chainmail_boots.png",
        "optainable": true, 
        "maxdamage": 195, 
        "stacksize": 1
    }, 
    "iron_helmet": {
        "id": 306, 
        "name": "Iron Helmet", 
        "texture": "iron_helmet.png",
        "optainable": true, 
        "maxdamage": 165, 
        "stacksize": 1
    }, 
    "iron_chestplate": {
        "id": 307, 
        "name": "Iron Chestplate", 
        "texture": "iron_chestplate.png",
        "optainable": true, 
        "maxdamage": 240, 
        "stacksize": 1
    }, 
    "iron_leggings": {
        "id": 308, 
        "name": "Iron Leggings", 
        "texture": "iron_leggings.png",
        "optainable": true, 
        "maxdamage": 225, 
        "stacksize": 1
    }, 
    "iron_boots": {
        "id": 309, 
        "name": "Iron Boots", 
        "texture": "iron_boots.png",
        "optainable": true, 
        "maxdamage": 195, 
        "stacksize": 1
    }, 
    "diamond_helmet": {
        "id": 310, 
        "name": "Diamond Helmet", 
        "texture": "diamond_helmet.png",
        "optainable": true, 
        "maxdamage": 363, 
        "stacksize": 1
    }, 
    "diamond_chestplate": {
        "id": 311, 
        "name": "Diamond Chestplate", 
        "texture": "diamond_chestplate.png",
        "optainable": true, 
        "maxdamage": 528, 
        "stacksize": 1
    }, 
    "diamond_leggings": {
        "id": 312, 
        "name": "Diamond Leggings", 
        "texture": "diamond_leggings.png",
        "optainable": true, 
        "maxdamage": 495, 
        "stacksize": 1
    }, 
    "diamond_boots": {
        "id": 313, 
        "name": "Diamond Boots", 
        "texture": "diamond_boots.png",
        "optainable": true, 
        "maxdamage": 429, 
        "stacksize": 1
    }, 
    "golden_helmet": {
        "id": 314, 
        "name": "Golden Helmet", 
        "texture": "gold_helmet.png",
        "optainable": true, 
        "maxdamage": 77, 
        "stacksize": 1
    }, 
    "golden_chestplate": {
        "id": 315, 
        "name": "Golden Chestplate", 
        "texture": "gold_chestplate.png",
        "optainable": true, 
        "maxdamage": 112, 
        "stacksize": 1
    }, 
    "golden_leggings": {
        "id": 316, 
        "name": "Golden Leggings", 
        "texture": "gold_leggings.png",
        "optainable": true, 
        "maxdamage": 105, 
        "stacksize": 1
    }, 
    "golden_boots": {
        "id": 317, 
        "name": "Golden Boots", 
        "texture": "gold_boots.png",
        "optainable": true, 
        "maxdamage": 91, 
        "maxdamage": 0, 
        "stacksize": 1
    }, 
    "flint": {
        "id": 318, 
        "name": "Flint", 
        "texture": "flint.png",
        "optainable": true, 
        "maxdamage": 0, 
        "stacksize": 64
    }, 
    "porkchop": {
        "id": 319, 
        "name": "Raw Porkchop", 
        "texture": "porkchop_raw.png",
        "optainable": true, 
        "maxdamage": 0, 
        "stacksize": 64
    }, 
    "cooked_porkchop": {
        "id": 320, 
        "name": "Cooked Porkchop", 
        "texture": "porkchop_cooked.png",
        "optainable": true, 
        "maxdamage": 0, 
        "stacksize": 64
    }, 
    "painting": {
        "id": 321, 
        "name": "Painting", 
        "texture": "painting.png",
        "optainable": true, 
        "maxdamage": 0, 
        "stacksize": 64
    }, 
    "golden_apple": {
        "id": 322, 
        "name": "Golden Apple", 
        "texture": ["apple_golden.png",
                    "apple_golden_enchanted"],
        "optainable": true, 
        "maxdamage": 1, 
        "stacksize": 64
    }, 
    "sign": {
        "id": 323, 
        "name": "Sign", 
        "texture": "sign.png",
        "optainable": true, 
        "maxdamage": 0, 
        "stacksize": 16
    }, 
    "wooden_door": {
        "id": 324, 
        "name": "Oak Door", 
        "texture": "door_wood.png",
        "optainable": true, 
        "maxdamage": 0, 
        "stacksize": 64
    }, 
    "bucket": {
        "id": 325, 
        "name": "Bucket", 
        "texture": "bucket_empty.png",
        "optainable": true, 
        "maxdamage": 0, 
        "stacksize": 16
    }, 
    "water_bucket": {
        "id": 326, 
        "name": "Water Bucket", 
        "texture": "bucket_water.png",
        "optainable": true, 
        "maxdamage": 0, 
        "stacksize": 1
    }, 
    "lava_bucket": {
        "id": 327, 
        "name": "Lava Bucket", 
        "texture": "bucket_lava.png",
        "optainable": true, 
        "maxdamage": 0, 
        "stacksize": 1
    }, 
    "minecart": {
        "id": 328, 
        "name": "Minecart", 
        "texture": "minecart_normal.png",
        "optainable": true, 
        "maxdamage": 0, 
        "stacksize": 1
    }, 
    "saddle": {
        "id": 329, 
        "name": "Saddle", 
        "texture": "saddle.png",
        "optainable": true, 
        "maxdamage": 0, 
        "stacksize": 1
    }, 
    "iron_door": {
        "id": 330, 
        "name": "Iron Door", 
        "texture": "door_iron.png",
        "optainable": true, 
        "maxdamage": 0, 
        "stacksize": 64
    }, 
    "redstone": {
        "id": 331, 
        "name": "Redstone", 
        "texture": "redstone_dust.png",
        "optainable": true, 
        "maxdamage": 0, 
        "stacksize": 64
    }, 
    "snowball": {
        "id": 332, 
        "name": "Snowball", 
        "texture": "snowball.png",
        "optainable": true, 
        "maxdamage": 0, 
        "stacksize": 16
    }, 
    "boat": {
        "id": 333, 
        "name": "Boat", 
        "texture": "boat.png",
        "optainable": true, 
        "maxdamage": 0, 
        "stacksize": 1
    }, 
    "leather": {
        "id": 334, 
        "name": "Leather", 
        "texture": "leather.png",
        "optainable": true, 
        "maxdamage": 0, 
        "stacksize": 64
    }, 
    "milk_bucket": {
        "id": 335, 
        "name": "Milk", 
        "texture": "bucket_milk.png",
        "optainable": true, 
        "maxdamage": 0, 
        "stacksize": 1
    }, 
    "brick": {
        "id": 336, 
        "name": "Brick", 
        "texture": "brick.png",
        "optainable": true, 
        "maxdamage": 0, 
        "stacksize": 64
    }, 
    "clay_ball": {
        "id": 337, 
        "name": "Clay", 
        "texture": "clay_ball.png",
        "optainable": true, 
        "maxdamage": 0, 
        "stacksize": 64
    }, 
    "reeds": {
        "id": 338, 
        "name": "Sugar Cane", 
        "texture": "reeds.png",
        "optainable": true, 
        "maxdamage": 0, 
        "stacksize": 64
    }, 
    "paper": {
        "id": 339, 
        "name": "Paper", 
        "texture": "paper.png",
        "optainable": true, 
        "maxdamage": 0, 
        "stacksize": 64
    }, 
    "book": {
        "id": 340, 
        "name": "Book", 
        "texture": "book_normal.png",
        "optainable": true, 
        "maxdamage": 0, 
        "stacksize": 64
    }, 
    "slime_ball": {
        "id": 341, 
        "name": "Slimeball", 
        "texture": "slimeball.png",
        "optainable": true, 
        "maxdamage": 0, 
        "stacksize": 64
    }, 
    "chest_minecart": {
        "id": 342, 
        "name": "Minecart with Chest", 
        "texture": "minecart_chest.png",
        "optainable": true, 
        "maxdamage": 0, 
        "stacksize": 1
    }, 
    "furnace_minecart": {
        "id": 343, 
        "name": "Minecart with Furnace", 
        "texture": "minecart_furnace.png",
        "optainable": true, 
        "maxdamage": 0, 
        "stacksize": 1
    }, 
    "egg": {
        "id": 344, 
        "name": "Egg", 
        "texture": "egg.png",
        "optainable": true, 
        "maxdamage": 0, 
        "stacksize": 16
    }, 
    "compass": {
        "id": 345, 
        "name": "Compass", 
        "texture": "compass.png",
        "optainable": true, 
        "maxdamage": 0, 
        "stacksize": 64
    }, 
    "fishing_rod": {
        "id": 346, 
        "name": "Fishing Rod", 
        "texture": "fishing_rod_uncast.png",
        "optainable": true, 
        "maxdamage": 64, 
        "stacksize": 1
    }, 
    "clock": {
        "id": 347, 
        "name": "Clock", 
        "texture": "clock.png",
        "optainable": true, 
        "maxdamage": 0, 
        "stacksize": 64
    }, 
    "glowstone_dust": {
        "id": 348, 
        "name": "Glowstone Dust", 
        "texture": "glowstone_dust.png",
        "optainable": true, 
        "maxdamage": 0, 
        "stacksize": 64
    }, 
    "fish": {
        "id": 349, 
        "name": ["Raw Fish",
                 "Raw Salmon",
                 "Clownfish",
                 "Pufferfish"], 
        "texture": ["fish_cod_raw.png",
                    "fish_salmon_raw.png",
                    "fish_clownfish_raw",
                    "fish_pufferfish_raw"],
        "optainable": true, 
        "maxdamage": 3, 
        "stacksize": 64
    }, 
    "cooked_fish": {
        "id": 350, 
        "name": ["Cooked Fish",
                 "Cooked Salmon"], 
        "texture": ["fish_cod_cooked.png",
                    "fish_salmon_cooked.png"],
        "optainable": true, 
        "maxdamage": 1, 
        "stacksize": 64
    }, 
    "dye": {
        "id": 351, 
        "name": ["Ink Sac",
                 "Rose Red",
                 "Cactus Green",
                 "Cocoa Beans",
                 "Lapis Lazuli",
                 "Purple Dye",
                 "Cyan Dye",
                 "Light Gray Dye",
                 "Gray Dye",
                 "Pink Dye",
                 "Lime Dye",
                 "Dandelion Yellow",
                 "Light Blue Dye",
                 "Magenta Dye",
                 "Orange Dye",
                 "Bone Meal"],
        "texture": ["dye_powder_black.png",
                    "dye_powder_red.png",
                    "dye_powder_green.png",
                    "dye_powder_brown.png",
                    "dye_powder_blue.png",
                    "dye_powder_purple.png",
                    "dye_powder_cyan.png",
                    "dye_powder_silver.png",
                    "dye_powder_gray.png",
                    "dye_powder_pink.png",
                    "dye_powder_lime.png",
                    "dye_powder_yellow.png",
                    "dye_powder_light_blue.png",
                    "dye_powder_magenta.png",
                    "dye_powder_orange.png",
                    "dye_powder_white.png"],
        "optainable": true, 
        "maxdamage": 15, 
        "stacksize": 64
    }, 
    "bone": {
        "id": 352, 
        "name": "Bone",
        "texture": "bone.png",
        "optainable": true, 
        "maxdamage": 0, 
        "stacksize": 64
    }, 
    "sugar": {
        "id": 353, 
        "name": "Sugar", 
        "texture": "sugar.png",
        "optainable": true, 
        "maxdamage": 0, 
        "stacksize": 64
    }, 
    "cake": {
        "id": 354, 
        "name": "Cake", 
        "texture": "cake.png",
        "optainable": true, 
        "maxdamage": 0, 
        "stacksize": 1
    }, 
    "bed": {
        "id": 355, 
        "name": "Bed", 
        "texture": "bed.png",
        "optainable": true, 
        "maxdamage": 0, 
        "stacksize": 1
    }, 
    "repeater": {
        "id": 356, 
        "name": "Redstone Repeater", 
        "texture": "repeater.png",
        "optainable": true, 
        "maxdamage": 0, 
        "stacksize": 64
    }, 
    "cookie": {
        "id": 357, 
        "name": "Cookie", 
        "texture": "cookie.png",
        "optainable": true, 
        "maxdamage": 0, 
        "stacksize": 64
    }, 
    "filled_map": {
        "id": 358, 
        "name": "Map", 
        "texture": "map_filled.png",
        "optainable": true, 
        "maxdamage": 32767, 
        "stacksize": 1
    }, 
    "shears": {
        "id": 359, 
        "name": "Shears", 
        "texture": "shears.png",
        "optainable": true, 
        "maxdamage": 238, 
        "stacksize": 1
    }, 
    "melon": {
        "id": 360, 
        "name": "Melon", 
        "texture": "melon.png",
        "optainable": true, 
        "maxdamage": 0, 
        "stacksize": 64
    }, 
    "pumpkin_seeds": {
        "id": 361, 
        "name": "Pumpkin Seeds", 
        "texture": "seeds_pumpkin.png",
        "optainable": true, 
        "maxdamage": 0, 
        "stacksize": 64
    }, 
    "melon_seeds": {
        "id": 362, 
        "name": "Melon Seeds", 
        "texture": "seeds_melon.png",
        "optainable": true, 
        "maxdamage": 0, 
        "stacksize": 64
    }, 
    "beef": {
        "id": 363, 
        "name": "Raw Beef", 
        "texture": "beef_raw.png",
        "optainable": true, 
        "maxdamage": 0, 
        "stacksize": 64
    }, 
    "cooked_beef": {
        "id": 364, 
        "name": "Steak", 
        "texture": "beef_cooked.png",
        "optainable": true, 
        "maxdamage": 0, 
        "stacksize": 64
    }, 
    "chicken": {
        "id": 365, 
        "name": "Raw Chicken", 
        "texture": "chicken_raw.png",
        "optainable": true, 
        "maxdamage": 0, 
        "stacksize": 64
    }, 
    "cooked_chicken": {
        "id": 366, 
        "name": "Cooked Chicken", 
        "texture": "chicken_cooked.png",
        "optainable": true, 
        "maxdamage": 0, 
        "stacksize": 64
    }, 
    "rotten_flesh": {
        "id": 367, 
        "name": "Rotten Flesh", 
        "texture": "rotten_flesh.png",
        "optainable": true, 
        "maxdamage": 0, 
        "stacksize": 64
    }, 
    "ender_pearl": {
        "id": 368, 
        "name": "Ender Pearl", 
        "texture": "ender_pearl.png",
        "optainable": true, 
        "maxdamage": 0, 
        "stacksize": 16
    }, 
    "blaze_rod": {
        "id": 369, 
        "name": "Blaze Rod", 
        "texture": "blaze_rod.png",
        "optainable": true, 
        "maxdamage": 0, 
        "stacksize": 64
    }, 
    "ghast_tear": {
        "id": 370, 
        "name": "Ghast Tear", 
        "texture": "ghast_tear.png",
        "optainable": true, 
        "maxdamage": 0, 
        "stacksize": 64
    }, 
    "gold_nugget": {
        "id": 371, 
        "name": "Gold Nugget", 
        "texture": "gold_nugget.png",
        "optainable": true, 
        "maxdamage": 0, 
        "stacksize": 64
    }, 
    "nether_wart": {
        "id": 372, 
        "name": "Nether Wart", 
        "texture": "nether_wart.png",
        "optainable": true, 
        "maxdamage": 0, 
        "stacksize": 64
    }, 
    "_comment":"Datavalues not supported yet!",
    "potion": {
        "id": 373, 
        "name": "Potion", 
        "texture": "potion_bottle_drinkable.png",
        "optainable": true, 
        "maxdamage": 32767, 
        "stacksize": 1
    }, 
    "glass_bottle": {
        "id": 374, 
        "name": "Glass Bottle", 
        "texture": "potion_bottle_empty.png",
        "optainable": true, 
        "maxdamage": 0, 
        "stacksize": 64
    }, 
    "spider_eye": {
        "id": 375, 
        "name": "Spider Eye", 
        "texture": "spider_eye.png",
        "optainable": true, 
        "maxdamage": 0, 
        "stacksize": 64
    }, 
    "fermented_spider_eye": {
        "id": 376, 
        "name": "Fermented Spider Eye", 
        "texture": "spider_eye_fermented.png",
        "optainable": true, 
        "maxdamage": 0, 
        "stacksize": 64
    }, 
    "blaze_powder": {
        "id": 377, 
        "name": "Blaze Powder", 
        "texture": "blaze_powder.png",
        "optainable": true, 
        "maxdamage": 0, 
        "stacksize": 64
    }, 
    "magma_cream": {
        "id": 378, 
        "name": "Magma Cream", 
        "texture": "magma_cream.png",
        "optainable": true, 
        "maxdamage": 0, 
        "stacksize": 64
    }, 
    "brewing_stand": {
        "id": 379, 
        "name": "Brewing Stand", 
        "texture": "brewing_stand.png",
        "optainable": true, 
        "maxdamage": 0, 
        "stacksize": 64
    }, 
    "cauldron": {
        "id": 380, 
        "name": "Cauldron", 
        "texture": "cauldron.png",
        "optainable": true, 
        "maxdamage": 0, 
        "stacksize": 64
    }, 
    "ender_eye": {
        "id": 381, 
        "name": "Eye of Ender", 
        "texture": "ender_eye.png",
        "optainable": true, 
        "maxdamage": 0, 
        "stacksize": 64
    }, 
    "speckled_melon": {
        "id": 382, 
        "name": "Glistering Melon", 
        "texture": "melon_speckled.png",
        "optainable": true, 
        "maxdamage": 0, 
        "stacksize": 64
    }, 
    "_comment2": "Datavalues not Supported yet!",
    "spawn_egg": {
        "id": 383, 
        "name": "Spawn Egg", 
        "texture": "spawn_egg.png",
        "optainable": true, 
        "maxdamage": 120, 
        "stacksize": 64
    }, 
    "experience_bottle": {
        "id": 384, 
        "name": "Bottle o' Enchanting", 
        "texture": "experience_bottle.png",
        "optainable": true, 
        "maxdamage": 0, 
        "stacksize": 64
    }, 
    "fire_charge": {
        "id": 385, 
        "name": "Fire Charge", 
        "texture": "fireball.png",
        "optainable": true, 
        "maxdamage": 0, 
        "stacksize": 64
    }, 
    "writable_book": {
        "id": 386, 
        "name": "Book and Quill", 
        "texture": "book_writeable.png",
        "optainable": true, 
        "maxdamage": 0, 
        "stacksize": 1
    }, 
    "written_book": {
        "id": 387, 
        "name": "Written Book", 
        "texture": "book_written.png",
        "optainable": true, 
        "maxdamage": 0, 
        "stacksize": 1
    }, 
    "emerald": {
        "id": 388, 
        "name": "Emerald", 
        "texture": "emerald.png",
        "optainable": true, 
        "maxdamage": 0, 
        "stacksize": 64
    }, 
    "item_frame": {
        "id": 389, 
        "name": "Item Frame", 
        "texture": "item_frame.png",
        "optainable": true, 
        "maxdamage": 0, 
        "stacksize": 64
    }, 
    "flower_pot": {
        "id": 390, 
        "name": "Flower Pot", 
        "texture": "flower_pot.png",
        "optainable": true, 
        "maxdamage": 0, 
        "stacksize": 64
    }, 
    "carrot": {
        "id": 391, 
        "name": "Carrot", 
        "texture": "carrot.png",
        "optainable": true, 
        "maxdamage": 0, 
        "stacksize": 64
    }, 
    "potato": {
        "id": 392, 
        "name": "Potato", 
        "texture": "potato.png",
        "optainable": true, 
        "maxdamage": 0, 
        "stacksize": 64
    }, 
    "baked_potato": {
        "id": 393, 
        "name": "Baked Potato", 
        "texture": "potato_baked.png",
        "optainable": true, 
        "maxdamage": 0, 
        "stacksize": 64
    }, 
    "poisonous_potato": {
        "id": 394, 
        "name": "Poisonous Potato", 
        "texture": "potato_poisonous.png",
        "optainable": true, 
        "maxdamage": 0, 
        "stacksize": 64
    }, 
    "map": {
        "id": 395, 
        "name": "Empty Map", 
        "texture": "map_empty.png",
        "optainable": true, 
        "maxdamage": 0, 
        "stacksize": 64
    }, 
    "golden_carrot": {
        "id": 396, 
        "name": "Golden Carrot", 
        "texture": "carrot_golden.png",
        "optainable": true, 
        "maxdamage": 0, 
        "stacksize": 64
    }, 
    "skull": {
        "id": 397, 
        "name": ["Skeleton Skull",
                 "Wither Skeleton Skull",
                 "Zombie Head",
                 "Head",
                 "Creeper Head"], 
        "texture": {},
        "optainable": true, 
        "maxdamage": 4, 
        "stacksize": 64
    }, 
    "carrot_on_a_stick": {
        "id": 398, 
        "name": "Carrot on a Stick", 
        "texture": "carrot_on_a_stick.png",
        "optainable": true, 
        "maxdamage": 25, 
        "stacksize": 1
    }, 
    "nether_star": {
        "id": 399, 
        "name": "Nether Star", 
        "texture": "nether_star.png",
        "optainable": true, 
        "maxdamage": 0, 
        "stacksize": 64
    }, 
    "pumpkin_pie": {
        "id": 400, 
        "name": "Pumpkin Pie", 
        "texture": "pumpkin_pie.png",
        "optainable": true, 
        "maxdamage": 0, 
        "stacksize": 64
    }, 
    "fireworks": {
        "id": 401, 
        "name": "Firework Rocket", 
        "texture": "fireworks.png",
        "optainable": true, 
        "maxdamage": 0, 
        "stacksize": 64
    }, 
    "firework_charge": {
        "id": 402, 
        "name": "Firework Star", 
        "texture": "fireworks_charge.png",
        "optainable": true, 
        "maxdamage": 0, 
        "stacksize": 64
    }, 
    "enchanted_book": {
        "id": 403, 
        "name": "Enchanted Book", 
        "texture": "book_enchanted.png",
        "optainable": true, 
        "maxdamage": 0, 
        "stacksize": 1
    }, 
    "comparator": {
        "id": 404, 
        "name": "Redstone Comparator", 
        "texture": "comparator.png",
        "optainable": true, 
        "maxdamage": 0, 
        "stacksize": 64
    }, 
    "netherbrick": {
        "id": 405, 
        "name": "Nether Brick", 
        "texture": "netherbrick.png",
        "optainable": true, 
        "maxdamage": 0, 
        "stacksize": 64
    }, 
    "quartz": {
        "id": 406, 
        "name": "Nether Quartz", 
        "texture": "quartz.png",
        "optainable": true, 
        "maxdamage": 0, 
        "stacksize": 64
    }, 
    "tnt_minecart": {
        "id": 407, 
        "name": "Minecart with TNT", 
        "texture": "minecart_tnt.png",
        "optainable": true, 
        "maxdamage": 0, 
        "stacksize": 1
    }, 
    "hopper_minecart": {
        "id": 408, 
        "name": "Minecart with Hopper", 
        "texture": "minecart_hopper.png",
        "optainable": true, 
        "maxdamage": 0, 
        "stacksize": 1
    }, 
    "prismarine_shard": {
        "id": 409, 
        "name": "Prismarine Shard", 
        "texture": "prismarine_shard.png",
        "optainable": true, 
        "maxdamage": 0, 
        "stacksize": 64
    }, 
    "prismarine_crystals": {
        "id": 410, 
        "name": "Prismarine Crystals", 
        "texture": "prismarine_crystals.png",
        "optainable": true, 
        "maxdamage": 0, 
        "stacksize": 64
    }, 
    "rabbit": {
        "id": 411, 
        "name": "Raw Rabbit", 
        "texture": "rabbit_raw.png",
        "optainable": true, 
        "maxdamage": 0, 
        "stacksize": 64
    }, 
    "cooked_rabbit": {
        "id": 412, 
        "name": "Cooked Rabbit", 
        "texture": "rabbit_cooked.png",
        "optainable": true, 
        "maxdamage": 0, 
        "stacksize": 64
    }, 
    "rabbit_stew": {
        "id": 413, 
        "name": "Rabbit Stew", 
        "texture": "rabbit_stew.png",
        "optainable": true, 
        "maxdamage": 0, 
        "stacksize": 1
    }, 
    "rabbit_foot": {
        "id": 414, 
        "name": "Rabbit's Foot", 
        "texture": "rabbit_foot.png",
        "optainable": true, 
        "maxdamage": 0, 
        "stacksize": 64
    }, 
    "rabbit_hide": {
        "id": 415, 
        "name": "Rabbit Hide", 
        "texture": "rabbit_hide.png",
        "optainable": true, 
        "maxdamage": 0, 
        "stacksize": 64
    }, 
    "armor_stand": {
        "id": 416, 
        "name": "Armor Stand", 
        "texture": "wooden_armorstand.png",
        "optainable": true, 
        "maxdamage": 0, 
        "stacksize": 16
    }, 
    "iron_horse_armor": {
        "id": 417, 
        "name": "Iron Horse Armor", 
        "texture": "iron_horse_armor.png",
        "optainable": true, 
        "maxdamage": 0, 
        "stacksize": 1
    }, 
    "golden_horse_armor": {
        "id": 418, 
        "name": "Golden Horse Armor", 
        "texture": "gold_horse_armor.png",
        "optainable": true, 
        "maxdamage": 0, 
        "stacksize": 1
    }, 
    "diamond_horse_armor": {
        "id": 419, 
        "name": "Diamond Horse Armor", 
        "texture": "diamond_horse_armor.png",
        "optainable": true, 
        "maxdamage": 0, 
        "stacksize": 1
    }, 
    "lead": {
        "id": 420, 
        "name": "Lead", 
        "texture": "lead.png",
        "optainable": true, 
        "maxdamage": 0, 
        "stacksize": 64
    }, 
    "name_tag": {
        "id": 421, 
        "name": "Name Tag", 
        "texture": "name_tag.png",
        "optainable": true, 
        "maxdamage": 0, 
        "stacksize": 64
    }, 
    "command_block_minecart": {
        "id": 422, 
        "name": "Minecart with Command Block", 
        "texture": "minecart_command_block.png",
        "optainable": true, 
        "maxdamage": 0, 
        "stacksize": 1
    }, 
    "mutton": {
        "id": 423, 
        "name": "Raw Mutton", 
        "texture": "mutton_raw.png",
        "optainable": true, 
        "maxdamage": 0, 
        "stacksize": 64
    }, 
    "cooked_mutton": {
        "id": 424, 
        "name": "Cooked Mutton", 
        "texture": "mutton_cooked.png",
        "optainable": true, 
        "maxdamage": 0, 
        "stacksize": 64
    },
    "banner": {
        "id": 425, 
        "name": ["Black Banner", 
                 "Red Banner",
                 "Green Banner",
                 "Brown Banner",
                 "Blue Banner",
                 "Purple Banner",
                 "Cyan Banner",
                 "Light Gray Banner",
                 "Gray Banner",
                 "Pink Banner",
                 "Lime Banner",
                 "Yellow Banner",
                 "Light Blue Banner",
                 "Magenta Banner",
                 "Orange Banner",
                 "White Banner"],
        "texture": ["banner_black.png",
                    "banner_red.png",
                    "banner_green.png",
                    "banner_brown.png",
                    "banner_blue.png",
                    "banner_purple.png",
                    "banner_cyan.png",
                    "banner_silver.png",
                    "banner_gray.png",
                    "banner_pink.png",
                    "banner_lime.png",
                    "banner_yellow.png",
                    "banner_light_blue.png",
                    "banner_magenta.png",
                    "banner_orange.png",
                    "banner_white.png"],
        "optainable": true, 
        "maxdamage": 15, 
        "stacksize": 16
    }, 
    "spruce_door": {
        "id": 427, 
        "name": "Spruce Door", 
        "texture": "door_spruce.png",
        "optainable": true, 
        "maxdamage": 0, 
        "stacksize": 64
    }, 
    "birch_door": {
        "id": 428, 
        "name": "Birch Door", 
        "texture": "door_birch.png",
        "optainable": true, 
        "maxdamage": 0, 
        "stacksize": 64
    }, 
    "jungle_door": {
        "id": 429, 
        "name": "Jungle Door", 
        "texture": "door_jungle.png",
        "optainable": true, 
        "maxdamage": 0, 
        "stacksize": 64
    }, 
    "acacia_door": {
        "id": 430, 
        "name": "Acacia Door", 
        "texture": "door_acacia.png",
        "optainable": true, 
        "maxdamage": 0, 
        "stacksize": 64
    }, 
    "dark_oak_door": {
        "id": 431, 
        "name": "Dark Oak Door", 
        "texture": "door_dark_oak.png",
        "optainable": true, 
        "maxdamage": 0, 
        "stacksize": 64
    }, 
    "record_13": {
        "id": 432, 
        "name": "13 Disc", 
        "texture": "record_13.png",
        "optainable": true, 
        "maxdamage": 0, 
        "stacksize": 1
    }, 
    "record_cat": {
        "id": 433, 
        "name": "cat Disc", 
        "texture": "record_cat.png",
        "optainable": true, 
        "maxdamage": 0, 
        "stacksize": 1
    }, 
    "record_blocks": {
        "id": 434, 
        "name": "blocks Disc", 
        "texture": "record_blocks.png",
        "optainable": true, 
        "maxdamage": 0, 
        "stacksize": 1
    }, 
    "record_chirp": {
        "id": 435, 
        "name": "chirp Disc", 
        "texture": "record_chirp.png",
        "optainable": true, 
        "maxdamage": 0, 
        "stacksize": 1
    }, 
    "record_far": {
        "id": 436, 
        "name": "far Disc", 
        "texture": "record_far.png",
        "optainable": true, 
        "maxdamage": 0, 
        "stacksize": 1
    }, 
    "record_mall": {
        "id": 437, 
        "name": "mall Disc", 
        "texture": "record_mall.png",
        "optainable": true, 
        "maxdamage": 0, 
        "stacksize": 1
    }, 
    "record_mellohi": {
        "id": 438, 
        "name": "mellohi Disc", 
        "texture": "record_mellohi.png",
        "optainable": true, 
        "maxdamage": 0, 
        "stacksize": 1
    }, 
    "record_stal": {
        "id": 439, 
        "name": "stal Disc", 
        "texture": "record_stal.png",
        "optainable": true, 
        "maxdamage": 0, 
        "stacksize": 1
    }, 
    "record_strad": {
        "id": 440, 
        "name": "strad Disc", 
        "texture": "record_strad.png",
        "optainable": true, 
        "maxdamage": 0, 
        "stacksize": 1
    }, 
    "record_ward": {
        "id": 441, 
        "name": "ward Disc", 
        "texture": "record_ward.png",
        "optainable": true, 
        "maxdamage": 0, 
        "stacksize": 1
    }, 
    "record_11": {
        "id": 442, 
        "name": "11 Disc", 
        "texture": "record_11.png",
        "optainable": true, 
        "maxdamage": 0, 
        "stacksize": 1
    }, 
    "record_wait": {
        "id": 443, 
        "name": "wait Disc", 
        "texture": "record_wait.png",
        "optainable": true, 
        "maxdamage": 0, 
        "stacksize": 1
    }
}
