<!-- =================================================================
     Custom Ore Generation "IndustrialCraft 2" Module: This
     configuration covers copper, mountain copper, tin, mountain tin,
     uranium, mountain uranium, lead, and mountain lead.
     ================================================================= -->


<!-- Configuration by Reteo. -->




<!-- Is the "IndustrialCraft 2" mod on the system?  Let's find out! -->
<IfModInstalled name="IC2">

  <!-- Starting Configuration for Custom Ore Generation. -->
  <ConfigSection>





    <!-- Setup Screen Configuration -->
    <ConfigSection>
      <OptionDisplayGroup name='groupIndustrialCraft2' displayName='IndustrialCraft 2' displayState='shown'>
        <Description>
          Distribution options for IndustrialCraft 2 Ores.
        </Description>
      </OptionDisplayGroup>
      <OptionChoice name='enableIndustrialCraft2' displayName='Handle IndustrialCraft 2 Setup?' default='true' displayState='shown_dynamic' displayGroup='groupIndustrialCraft2'>
        <Description> Should Custom Ore Generation handle IndustrialCraft 2 ore generation? </Description>
        <Choice value=':= ?true' displayValue='Yes' description='Use Custom Ore Generation to handle IndustrialCraft 2 ores.'/>
        <Choice value=':= ?false' displayValue='No' description='IndustrialCraft 2 ores will be handled by the mod itself.'/>
      </OptionChoice>
      <OptionChoice name='cleanUpIndustrialCraft2' displayName='Use IndustrialCraft 2 Cleanup?' default='true' displayState='shown_dynamic' displayGroup='groupIndustrialCraft2'>
        <Description> Should Custom Ore Generation use the Substitution Pass to remove all instances of IndustrialCraft 2 ore from the world?  If the mod's oregen can be turned off in its configuration, then it's recommended to do so, as the substitution pass can slow the game significantly.  If this option is disabled without disabling the mod's own ore generation, you'll end up with two oregens working at once, flooding the world with ore.  Enabled by default to ensure the ores are completely removed. </Description>
        <Choice value=':= ?true' displayValue='Yes' description='Use the substitution pass to clean up IndustrialCraft 2 ores.'/>
        <Choice value=':= ?false' displayValue='No' description='IndustrialCraft 2 ores do not need to be cleaned up by a substitution pass.'/>
      </OptionChoice>

      <!-- Copper Configuration UI Starting -->
      <ConfigSection>
        <OptionChoice name='ic2CopperDist'  displayState=':= if(?enableIndustrialCraft2, "shown", "hidden")' displayGroup='groupIndustrialCraft2'>
          <Description> Controls how Copper is generated </Description>
          <DisplayName>IndustrialCraft 2 Copper</DisplayName>
          <IfCondition condition=':= (?blockExists("IC2:blockOreCopper")) '>

          <Choice value='LayeredVeins' displayValue='Layered Veins'>
            <Description>
              Small, fairly rare motherlodes with 2-4 horizontal veins each.
            </Description>
          </Choice>
          </IfCondition>

          <IfCondition condition=':= (?blockExists("IC2:blockOreCopper")) '>

          <Choice value='StrategicClouds' displayValue='Strategic Clouds'>
            <Description>
              Large irregular clouds filled lightly with ore.
            </Description>
          </Choice>
          </IfCondition>

          <IfCondition condition=':= (?blockExists("IC2:blockOreCopper")) '>

          <Choice value='Vanilla' displayValue='Vanilla'>
            <Description>
              Simulates Vanilla Minecraft.
            </Description>
          </Choice>
          </IfCondition>

          <Choice value='none' displayValue='None' description='Copper is not generated in the world.'/>
        </OptionChoice>
        <OptionNumeric name='ic2CopperFreq' default='1'  min='0' max='5' displayState=':= if(?enableIndustrialCraft2, if(?advOptions, "shown", "hidden"), "hidden")' displayGroup='groupIndustrialCraft2'>
          <Description> Frequency multiplier for IndustrialCraft 2 Copper distributions </Description>
          <DisplayName>IndustrialCraft 2 Copper Freq.</DisplayName>
        </OptionNumeric>
        <OptionNumeric name='ic2CopperSize' default='1'  min='0' max='5' displayState=':= if(?enableIndustrialCraft2, if(?advOptions, "shown", "hidden"), "hidden")' displayGroup='groupIndustrialCraft2'>
          <Description> Size multiplier for IndustrialCraft 2 Copper distributions </Description>
          <DisplayName>IndustrialCraft 2 Copper Size</DisplayName>
        </OptionNumeric>
      </ConfigSection>
      <!-- Copper Configuration UI Complete -->


      <!-- Mountain Copper Configuration UI Starting -->
      <ConfigSection>
        <OptionChoice name='ic2MountainCopperDist'  displayState=':= if(?enableIndustrialCraft2, "shown", "hidden")' displayGroup='groupIndustrialCraft2'>
          <Description> Controls how Mountain Copper is generated </Description>
          <DisplayName>IndustrialCraft 2 Mountain Copper</DisplayName>
          <IfCondition condition=':= (?blockExists("IC2:blockOreCopper")) '>

          <Choice value='LayeredVeins' displayValue='Layered Veins'>
            <Description>
              Small, fairly rare motherlodes with 2-4 horizontal veins each.
            </Description>
          </Choice>
          </IfCondition>

          <IfCondition condition=':= (?blockExists("IC2:blockOreCopper")) '>

          <Choice value='StrategicClouds' displayValue='Strategic Clouds'>
            <Description>
              Large irregular clouds filled lightly with ore.
            </Description>
          </Choice>
          </IfCondition>

          <IfCondition condition=':= (?blockExists("IC2:blockOreCopper")) '>

          <Choice value='Vanilla' displayValue='Vanilla'>
            <Description>
              Simulates Vanilla Minecraft.
            </Description>
          </Choice>
          </IfCondition>

          <Choice value='none' displayValue='None' description='Mountain Copper is not generated in the world.'/>
        </OptionChoice>
        <OptionNumeric name='ic2MountainCopperFreq' default='1'  min='0' max='5' displayState=':= if(?enableIndustrialCraft2, if(?advOptions, "shown", "hidden"), "hidden")' displayGroup='groupIndustrialCraft2'>
          <Description> Frequency multiplier for IndustrialCraft 2 Mountain Copper distributions </Description>
          <DisplayName>IndustrialCraft 2 Mountain Copper Freq.</DisplayName>
        </OptionNumeric>
        <OptionNumeric name='ic2MountainCopperSize' default='1'  min='0' max='5' displayState=':= if(?enableIndustrialCraft2, if(?advOptions, "shown", "hidden"), "hidden")' displayGroup='groupIndustrialCraft2'>
          <Description> Size multiplier for IndustrialCraft 2 Mountain Copper distributions </Description>
          <DisplayName>IndustrialCraft 2 Mountain Copper Size</DisplayName>
        </OptionNumeric>
      </ConfigSection>
      <!-- Mountain Copper Configuration UI Complete -->


      <!-- Tin Configuration UI Starting -->
      <ConfigSection>
        <OptionChoice name='ic2TinDist'  displayState=':= if(?enableIndustrialCraft2, "shown", "hidden")' displayGroup='groupIndustrialCraft2'>
          <Description> Controls how Tin is generated </Description>
          <DisplayName>IndustrialCraft 2 Tin</DisplayName>
          <IfCondition condition=':= (?blockExists("IC2:blockOreTin")) '>

          <Choice value='LayeredVeins' displayValue='Layered Veins'>
            <Description>
              Small, fairly rare motherlodes with 2-4 horizontal veins each.
            </Description>
          </Choice>
          </IfCondition>

          <IfCondition condition=':= (?blockExists("IC2:blockOreTin")) '>

          <Choice value='StrategicClouds' displayValue='Strategic Clouds'>
            <Description>
              Large irregular clouds filled lightly with ore.
            </Description>
          </Choice>
          </IfCondition>

          <IfCondition condition=':= (?blockExists("IC2:blockOreTin")) '>

          <Choice value='Vanilla' displayValue='Vanilla'>
            <Description>
              Simulates Vanilla Minecraft.
            </Description>
          </Choice>
          </IfCondition>

          <Choice value='none' displayValue='None' description='Tin is not generated in the world.'/>
        </OptionChoice>
        <OptionNumeric name='ic2TinFreq' default='1'  min='0' max='5' displayState=':= if(?enableIndustrialCraft2, if(?advOptions, "shown", "hidden"), "hidden")' displayGroup='groupIndustrialCraft2'>
          <Description> Frequency multiplier for IndustrialCraft 2 Tin distributions </Description>
          <DisplayName>IndustrialCraft 2 Tin Freq.</DisplayName>
        </OptionNumeric>
        <OptionNumeric name='ic2TinSize' default='1'  min='0' max='5' displayState=':= if(?enableIndustrialCraft2, if(?advOptions, "shown", "hidden"), "hidden")' displayGroup='groupIndustrialCraft2'>
          <Description> Size multiplier for IndustrialCraft 2 Tin distributions </Description>
          <DisplayName>IndustrialCraft 2 Tin Size</DisplayName>
        </OptionNumeric>
      </ConfigSection>
      <!-- Tin Configuration UI Complete -->


      <!-- Mountain Tin Configuration UI Starting -->
      <ConfigSection>
        <OptionChoice name='ic2MountainTinDist'  displayState=':= if(?enableIndustrialCraft2, "shown", "hidden")' displayGroup='groupIndustrialCraft2'>
          <Description> Controls how Mountain Tin is generated </Description>
          <DisplayName>IndustrialCraft 2 Mountain Tin</DisplayName>
          <IfCondition condition=':= (?blockExists("IC2:blockOreTin")) '>

          <Choice value='LayeredVeins' displayValue='Layered Veins'>
            <Description>
              Small, fairly rare motherlodes with 2-4 horizontal veins each.
            </Description>
          </Choice>
          </IfCondition>

          <IfCondition condition=':= (?blockExists("IC2:blockOreTin")) '>

          <Choice value='StrategicClouds' displayValue='Strategic Clouds'>
            <Description>
              Large irregular clouds filled lightly with ore.
            </Description>
          </Choice>
          </IfCondition>

          <IfCondition condition=':= (?blockExists("IC2:blockOreTin")) '>

          <Choice value='Vanilla' displayValue='Vanilla'>
            <Description>
              Simulates Vanilla Minecraft.
            </Description>
          </Choice>
          </IfCondition>

          <Choice value='none' displayValue='None' description='Mountain Tin is not generated in the world.'/>
        </OptionChoice>
        <OptionNumeric name='ic2MountainTinFreq' default='1'  min='0' max='5' displayState=':= if(?enableIndustrialCraft2, if(?advOptions, "shown", "hidden"), "hidden")' displayGroup='groupIndustrialCraft2'>
          <Description> Frequency multiplier for IndustrialCraft 2 Mountain Tin distributions </Description>
          <DisplayName>IndustrialCraft 2 Mountain Tin Freq.</DisplayName>
        </OptionNumeric>
        <OptionNumeric name='ic2MountainTinSize' default='1'  min='0' max='5' displayState=':= if(?enableIndustrialCraft2, if(?advOptions, "shown", "hidden"), "hidden")' displayGroup='groupIndustrialCraft2'>
          <Description> Size multiplier for IndustrialCraft 2 Mountain Tin distributions </Description>
          <DisplayName>IndustrialCraft 2 Mountain Tin Size</DisplayName>
        </OptionNumeric>
      </ConfigSection>
      <!-- Mountain Tin Configuration UI Complete -->


      <!-- Uranium Configuration UI Starting -->
      <ConfigSection>
        <OptionChoice name='ic2UraniumDist'  displayState=':= if(?enableIndustrialCraft2, "shown", "hidden")' displayGroup='groupIndustrialCraft2'>
          <Description> Controls how Uranium is generated </Description>
          <DisplayName>IndustrialCraft 2 Uranium</DisplayName>
          <IfCondition condition=':= (?blockExists("IC2:blockOreUran")) '>

          <Choice value='SparseVeins' displayValue='Sparse Veins'>
            <Description>
              Large veins filled very lightly with ore.
            </Description>
          </Choice>
          </IfCondition>

          <IfCondition condition=':= (?blockExists("IC2:blockOreUran")) '>

          <Choice value='StrategicClouds' displayValue='Strategic Clouds'>
            <Description>
              Large irregular clouds filled lightly with ore.
            </Description>
          </Choice>
          </IfCondition>

          <IfCondition condition=':= (?blockExists("IC2:blockOreUran")) '>

          <Choice value='Vanilla' displayValue='Vanilla'>
            <Description>
              Simulates Vanilla Minecraft.
            </Description>
          </Choice>
          </IfCondition>

          <Choice value='none' displayValue='None' description='Uranium is not generated in the world.'/>
        </OptionChoice>
        <OptionNumeric name='ic2UraniumFreq' default='1'  min='0' max='5' displayState=':= if(?enableIndustrialCraft2, if(?advOptions, "shown", "hidden"), "hidden")' displayGroup='groupIndustrialCraft2'>
          <Description> Frequency multiplier for IndustrialCraft 2 Uranium distributions </Description>
          <DisplayName>IndustrialCraft 2 Uranium Freq.</DisplayName>
        </OptionNumeric>
        <OptionNumeric name='ic2UraniumSize' default='1'  min='0' max='5' displayState=':= if(?enableIndustrialCraft2, if(?advOptions, "shown", "hidden"), "hidden")' displayGroup='groupIndustrialCraft2'>
          <Description> Size multiplier for IndustrialCraft 2 Uranium distributions </Description>
          <DisplayName>IndustrialCraft 2 Uranium Size</DisplayName>
        </OptionNumeric>
      </ConfigSection>
      <!-- Uranium Configuration UI Complete -->


      <!-- Mountain Uranium Configuration UI Starting -->
      <ConfigSection>
        <OptionChoice name='ic2MountainUraniumDist'  displayState=':= if(?enableIndustrialCraft2, "shown", "hidden")' displayGroup='groupIndustrialCraft2'>
          <Description> Controls how Mountain Uranium is generated </Description>
          <DisplayName>IndustrialCraft 2 Mountain Uranium</DisplayName>
          <IfCondition condition=':= (?blockExists("IC2:blockOreUran")) '>

          <Choice value='SparseVeins' displayValue='Sparse Veins'>
            <Description>
              Large veins filled very lightly with ore.
            </Description>
          </Choice>
          </IfCondition>

          <IfCondition condition=':= (?blockExists("IC2:blockOreUran")) '>

          <Choice value='StrategicClouds' displayValue='Strategic Clouds'>
            <Description>
              Large irregular clouds filled lightly with ore.
            </Description>
          </Choice>
          </IfCondition>

          <IfCondition condition=':= (?blockExists("IC2:blockOreUran")) '>

          <Choice value='Vanilla' displayValue='Vanilla'>
            <Description>
              Simulates Vanilla Minecraft.
            </Description>
          </Choice>
          </IfCondition>

          <Choice value='none' displayValue='None' description='Mountain Uranium is not generated in the world.'/>
        </OptionChoice>
        <OptionNumeric name='ic2MountainUraniumFreq' default='1'  min='0' max='5' displayState=':= if(?enableIndustrialCraft2, if(?advOptions, "shown", "hidden"), "hidden")' displayGroup='groupIndustrialCraft2'>
          <Description> Frequency multiplier for IndustrialCraft 2 Mountain Uranium distributions </Description>
          <DisplayName>IndustrialCraft 2 Mountain Uranium Freq.</DisplayName>
        </OptionNumeric>
        <OptionNumeric name='ic2MountainUraniumSize' default='1'  min='0' max='5' displayState=':= if(?enableIndustrialCraft2, if(?advOptions, "shown", "hidden"), "hidden")' displayGroup='groupIndustrialCraft2'>
          <Description> Size multiplier for IndustrialCraft 2 Mountain Uranium distributions </Description>
          <DisplayName>IndustrialCraft 2 Mountain Uranium Size</DisplayName>
        </OptionNumeric>
      </ConfigSection>
      <!-- Mountain Uranium Configuration UI Complete -->


      <!-- Lead Configuration UI Starting -->
      <ConfigSection>
        <OptionChoice name='ic2LeadDist'  displayState=':= if(?enableIndustrialCraft2, "shown", "hidden")' displayGroup='groupIndustrialCraft2'>
          <Description> Controls how Lead is generated </Description>
          <DisplayName>IndustrialCraft 2 Lead</DisplayName>
          <IfCondition condition=':= (?blockExists("IC2:blockOreLead")) '>

          <Choice value='LayeredVeins' displayValue='Layered Veins'>
            <Description>
              Small, fairly rare motherlodes with 2-4 horizontal veins each.
            </Description>
          </Choice>
          </IfCondition>

          <IfCondition condition=':= (?blockExists("IC2:blockOreLead")) '>

          <Choice value='StrategicClouds' displayValue='Strategic Clouds'>
            <Description>
              Large irregular clouds filled lightly with ore.
            </Description>
          </Choice>
          </IfCondition>

          <IfCondition condition=':= (?blockExists("IC2:blockOreLead")) '>

          <Choice value='Vanilla' displayValue='Vanilla'>
            <Description>
              Simulates Vanilla Minecraft.
            </Description>
          </Choice>
          </IfCondition>

          <Choice value='none' displayValue='None' description='Lead is not generated in the world.'/>
        </OptionChoice>
        <OptionNumeric name='ic2LeadFreq' default='1'  min='0' max='5' displayState=':= if(?enableIndustrialCraft2, if(?advOptions, "shown", "hidden"), "hidden")' displayGroup='groupIndustrialCraft2'>
          <Description> Frequency multiplier for IndustrialCraft 2 Lead distributions </Description>
          <DisplayName>IndustrialCraft 2 Lead Freq.</DisplayName>
        </OptionNumeric>
        <OptionNumeric name='ic2LeadSize' default='1'  min='0' max='5' displayState=':= if(?enableIndustrialCraft2, if(?advOptions, "shown", "hidden"), "hidden")' displayGroup='groupIndustrialCraft2'>
          <Description> Size multiplier for IndustrialCraft 2 Lead distributions </Description>
          <DisplayName>IndustrialCraft 2 Lead Size</DisplayName>
        </OptionNumeric>
      </ConfigSection>
      <!-- Lead Configuration UI Complete -->


      <!-- Mountain Lead Configuration UI Starting -->
      <ConfigSection>
        <OptionChoice name='ic2MountainLeadDist'  displayState=':= if(?enableIndustrialCraft2, "shown", "hidden")' displayGroup='groupIndustrialCraft2'>
          <Description> Controls how Mountain Lead is generated </Description>
          <DisplayName>IndustrialCraft 2 Mountain Lead</DisplayName>
          <IfCondition condition=':= (?blockExists("IC2:blockOreLead")) '>

          <Choice value='LayeredVeins' displayValue='Layered Veins'>
            <Description>
              Small, fairly rare motherlodes with 2-4 horizontal veins each.
            </Description>
          </Choice>
          </IfCondition>

          <IfCondition condition=':= (?blockExists("IC2:blockOreLead")) '>

          <Choice value='StrategicClouds' displayValue='Strategic Clouds'>
            <Description>
              Large irregular clouds filled lightly with ore.
            </Description>
          </Choice>
          </IfCondition>

          <IfCondition condition=':= (?blockExists("IC2:blockOreLead")) '>

          <Choice value='Vanilla' displayValue='Vanilla'>
            <Description>
              Simulates Vanilla Minecraft.
            </Description>
          </Choice>
          </IfCondition>

          <Choice value='none' displayValue='None' description='Mountain Lead is not generated in the world.'/>
        </OptionChoice>
        <OptionNumeric name='ic2MountainLeadFreq' default='1'  min='0' max='5' displayState=':= if(?enableIndustrialCraft2, if(?advOptions, "shown", "hidden"), "hidden")' displayGroup='groupIndustrialCraft2'>
          <Description> Frequency multiplier for IndustrialCraft 2 Mountain Lead distributions </Description>
          <DisplayName>IndustrialCraft 2 Mountain Lead Freq.</DisplayName>
        </OptionNumeric>
        <OptionNumeric name='ic2MountainLeadSize' default='1'  min='0' max='5' displayState=':= if(?enableIndustrialCraft2, if(?advOptions, "shown", "hidden"), "hidden")' displayGroup='groupIndustrialCraft2'>
          <Description> Size multiplier for IndustrialCraft 2 Mountain Lead distributions </Description>
          <DisplayName>IndustrialCraft 2 Mountain Lead Size</DisplayName>
        </OptionNumeric>
      </ConfigSection>
      <!-- Mountain Lead Configuration UI Complete -->

    </ConfigSection>
    <!-- Setup Screen Complete -->

    <IfCondition condition=':= ?enableIndustrialCraft2'>




      <!-- Overworld Setup Beginning -->

      <IfCondition condition=':= ?COGActive'>

        <!-- Starting Original "Overworld" Block Removal -->

        <IfCondition condition=':= ?cleanUpIndustrialCraft2'>
          <IfCondition condition=':= ?blockExists("minecraft:stone")'>
            <Substitute name='ic2OverworldBlockSubstitute0' block='minecraft:stone'>
              <Description>
                Replace vanilla-generated ore clusters.
              </Description>
              <Comment>
                The global option  deferredPopulationRange must be
                large enough to catch all ore  clusters (>= 32).
              </Comment>
              <Replaces block='IC2:blockOreCopper' weight='1.0' />
              <Replaces block='IC2:blockOreLead' weight='1.0' />
              <Replaces block='IC2:blockOreTin' weight='1.0' />
              <Replaces block='IC2:blockOreUran' weight='1.0' />
            </Substitute>
          </IfCondition>
        </IfCondition>

        <!-- Original "Overworld" Block Removal Complete -->

        <!-- Adding blocks -->

        <!-- Begin Copper Generation -->

        <!-- Starting LayeredVeins Preset for Copper. -->
        <ConfigSection>
          <IfCondition condition=':= ic2CopperDist = "LayeredVeins"'>
            <Veins name='ic2CopperVeins'  inherits='PresetLayeredVeins' branchType='Bezier' drawWireframe='true' wireframeColor='0x60C4733C' drawBoundBox='false' boundBoxColor='0x60C4733C'>
              <Description>
                Small, fairly rare motherlodes  with 2-4 horizontal
                veins each.
              </Description>
              <OreBlock block='IC2:blockOreCopper' weight='1.0' />
              <ReplacesOre block='stone' weight='1.0' />
              <Biome name='.*'  />
              <Setting name='MotherlodeFrequency' avg=':= 2.167 * _default_ * ic2CopperFreq ' range=':= 2.167 * _default_ * ic2CopperFreq ' type='normal' scaleTo='base' />
              <Setting name='MotherlodeSize' avg=':= 1.138 * _default_ * ic2CopperSize ' range=':= 1.138 * _default_ * ic2CopperSize ' type='normal' />
              <Setting name='MotherlodeHeight' avg=':= 40 ' range=':= 30 ' type='normal' scaleTo='base' />
              <Setting name='MotherlodeRangeLimit' avg=':= _default_ ' range=':= _default_ ' type='normal' />
              <Setting name='BranchFrequency' avg=':= _default_ ' range=':= _default_ ' type='normal' />
              <Setting name='BranchInclination' avg=':= _default_ ' range=':= _default_ ' type='normal' />
              <Setting name='BranchLength' avg=':= 1.472 * _default_ ' range=':= 1.472 * _default_ ' type='normal' />
              <Setting name='BranchHeightLimit' avg=':= _default_ ' range=':= _default_ ' type='normal' scaleTo='base' />
              <Setting name='SegmentForkFrequency' avg=':= _default_ ' range=':= _default_ ' type='normal' />
              <Setting name='SegmentForkLengthMult' avg=':= _default_ ' range=':= _default_ ' type='normal' />
              <Setting name='SegmentLength' avg=':= _default_ * ic2CopperSize ' range=':= _default_ * ic2CopperSize ' type='normal' />
              <Setting name='SegmentAngle' avg=':= _default_ ' range=':= _default_ ' type='normal' />
              <Setting name='SegmentPitch' avg=':= _default_ ' range=':= _default_ ' type='normal' />
              <Setting name='SegmentRadius' avg=':= 1.213 * _default_ * ic2CopperSize ' range=':= 1.213 * _default_ * ic2CopperSize ' type='normal' />
              <Setting name='OreDensity' avg=':= _default_ ' range=':= _default_ ' type='normal' />
              <Setting name='OreRadiusMult' avg=':= _default_ ' range=':= _default_ ' type='normal' />
            </Veins>
          </IfCondition>
        </ConfigSection>
        <!-- LayeredVeins Preset for Copper is complete. -->


        <!-- Starting StrategicClouds Preset for Copper. -->
        <ConfigSection>
          <IfCondition condition=':= ic2CopperDist = "StrategicClouds"'>
            <Cloud name='ic2CopperCloud'  inherits='PresetStrategicCloud' drawWireframe='true' wireframeColor='0x60C4733C' drawBoundBox='false' boundBoxColor='0x60C4733C'>
              <Description>
                Large irregular clouds filled  lightly with ore.
                These are  huge, spanning several adjacent  chunks,
                and consequently rather  rare.  They contain a
                sizeable  amount of ore, but it takes some  time and
                effort to mine due to  low density. The intent for
                strategic clouds is that the  player will need to
                actively  search for one and then set up a  semi-
                permanent mining base and  spend some time actually
                mining  the ore.
              </Description>
              <OreBlock block='IC2:blockOreCopper' weight='1.0' />
              <ReplacesOre block='stone' weight='1.0' />
              <Biome name='.*'  />
              <Setting name='CloudRadius' avg=':= 1.573 * _default_ * ic2CopperSize ' range=':= 1.573 * _default_ * ic2CopperSize ' type='normal' />
              <Setting name='CloudThickness' avg=':= 1.573 * _default_ * ic2CopperSize ' range=':= 1.573 * _default_ * ic2CopperSize ' type='normal' scaleTo='base' />
              <Setting name='DistributionFrequency' avg=':= 2.474 * _default_ * ic2CopperFreq ' range=':= 2.474 * _default_ * ic2CopperFreq ' type='normal' scaleTo='base' />
              <Setting name='CloudHeight' avg=':= 40 ' range=':= 30 ' type='normal' scaleTo='base' />
              <Setting name='ParentRangeLimit' avg=':= _default_ ' range=':= _default_ ' type='normal' />
              <Setting name='CloudSizeNoise' avg=':= _default_ ' range=':= _default_ ' type='normal' />
              <Setting name='CloudInclination' avg=':= _default_ ' range=':= _default_ ' type='normal' />
              <Setting name='OreDensity' avg=':= _default_ ' range=':= _default_ ' type='normal' scaleTo='base' />
              <Setting name='OreVolumeNoiseCutoff' avg=':= _default_ ' range=':= _default_ ' type='normal' />
              <Setting name='OreRadiusMult' avg=':= _default_ ' range=':= _default_ ' type='normal' />
              <Veins name='ic2CopperHintVeins' branchType='Bezier'  inherits='PresetHintVeins' drawWireframe='true' wireframeColor='0x60C4733C' drawBoundBox='false' boundBoxColor='0x60C4733C'>
                <Description>
                  Single blocks, generously  scattered through all
                  heights  (density is about that of  vanilla iron
                  ore). They will  replace dirt and sandstone  (but
                  not grass or sand), so  they can be found nearer to
                  the surface than most ores.  Intened to be used as a
                  child  distribution for large, rare  strategic
                  deposits that would  otherwise be very difficult  to
                  find.  Note that the  frequency is multiplied by
                  ground level to maintain a  constant density, but
                  not by  ore frequency because it is  assumed that
                  the frequency of  the parent distribution will
                  already be scaled by that.
                </Description>
                <OreBlock block='IC2:blockOreCopper' weight='1.0' />
                <Replaces block='minecraft:dirt' weight='1.0' />
                <Replaces block='minecraft:sandstone' weight='1.0' />
                <ReplacesOre block='stone' weight='1.0' />
                <Replaces block='minecraft:gravel' weight='1.0' />
                <Setting name='MotherlodeFrequency' avg=':= 2.167 * _default_ * ic2CopperFreq  * 0.1 ' range=':= 2.167 * _default_ * ic2CopperFreq  * 0.1 ' type='normal' scaleTo='base' />
              </Veins>
            </Cloud>
          </IfCondition>
        </ConfigSection>
        <!-- StrategicClouds Preset for Copper is complete. -->


        <!-- Starting Vanilla Preset for Copper. -->
        <ConfigSection>
          <IfCondition condition=':= ic2CopperDist = "Vanilla"'>
            <StandardGen name='ic2CopperStandard'  inherits='PresetStandardGen' drawWireframe='true' wireframeColor='0x60C4733C' drawBoundBox='false' boundBoxColor='0x60C4733C'>
              <Description>
                A master preset for standardgen  ore distributions.
              </Description>
              <OreBlock block='IC2:blockOreCopper' weight='1.0' />
              <ReplacesOre block='stone' weight='1.0' />
              <Biome name='.*'  />
              <Setting name='Size' avg=':= 6.667 * ic2CopperSize ' range=':= 3.33 * ic2CopperSize ' type='normal' />
              <Setting name='Frequency' avg=':= 10.0 * ic2CopperFreq ' range=':= 5.0 * ic2CopperFreq ' type='normal' scaleTo='base' />
              <Setting name='Height' avg=':= 40 ' range=':= 30 ' type='normal' scaleTo='base' />
              <Setting name='ParentRangeLimit' avg=':= _default_ ' range=':= _default_ ' type='normal' />
            </StandardGen>
          </IfCondition>
        </ConfigSection>
        <!-- Vanilla Preset for Copper is complete. -->

        <!-- End Copper Generation -->


        <!-- Begin Mountain Copper Generation -->

        <!-- Starting LayeredVeins Preset for Mountain Copper. -->
        <ConfigSection>
          <IfCondition condition=':= ic2MountainCopperDist = "LayeredVeins"'>
            <Veins name='ic2MountainCopperVeins'  inherits='PresetLayeredVeins' branchType='Bezier' drawWireframe='true' wireframeColor='0x60C4733C' drawBoundBox='false' boundBoxColor='0x60C4733C'>
              <Description>
                Small, fairly rare motherlodes  with 2-4 horizontal
                veins each.
              </Description>
              <OreBlock block='IC2:blockOreCopper' weight='1.0' />
              <ReplacesOre block='stone' weight='1.0' />
              <BiomeType name='Mountain'  />
              <Setting name='MotherlodeFrequency' avg=':= 2.167 * _default_ * ic2MountainCopperFreq ' range=':= 2.167 * _default_ * ic2MountainCopperFreq ' type='normal' scaleTo='base' />
              <Setting name='MotherlodeSize' avg=':= 1.138 * _default_ * ic2MountainCopperSize ' range=':= 1.138 * _default_ * ic2MountainCopperSize ' type='normal' />
              <Setting name='MotherlodeHeight' avg=':= 184 ' range=':= 90 ' type='normal' scaleTo='base' />
              <Setting name='MotherlodeRangeLimit' avg=':= _default_ ' range=':= _default_ ' type='normal' />
              <Setting name='BranchFrequency' avg=':= _default_ ' range=':= _default_ ' type='normal' />
              <Setting name='BranchInclination' avg=':= _default_ ' range=':= _default_ ' type='normal' />
              <Setting name='BranchLength' avg=':= 1.472 * _default_ ' range=':= 1.472 * _default_ ' type='normal' />
              <Setting name='BranchHeightLimit' avg=':= _default_ ' range=':= _default_ ' type='normal' scaleTo='base' />
              <Setting name='SegmentForkFrequency' avg=':= _default_ ' range=':= _default_ ' type='normal' />
              <Setting name='SegmentForkLengthMult' avg=':= _default_ ' range=':= _default_ ' type='normal' />
              <Setting name='SegmentLength' avg=':= _default_ * ic2MountainCopperSize ' range=':= _default_ * ic2MountainCopperSize ' type='normal' />
              <Setting name='SegmentAngle' avg=':= _default_ ' range=':= _default_ ' type='normal' />
              <Setting name='SegmentPitch' avg=':= _default_ ' range=':= _default_ ' type='normal' />
              <Setting name='SegmentRadius' avg=':= 1.213 * _default_ * ic2MountainCopperSize ' range=':= 1.213 * _default_ * ic2MountainCopperSize ' type='normal' />
              <Setting name='OreDensity' avg=':= _default_ ' range=':= _default_ ' type='normal' />
              <Setting name='OreRadiusMult' avg=':= _default_ ' range=':= _default_ ' type='normal' />
            </Veins>
          </IfCondition>
        </ConfigSection>
        <!-- LayeredVeins Preset for Mountain Copper is  complete. -->


        <!-- Starting StrategicClouds Preset for Mountain  Copper. -->
        <ConfigSection>
          <IfCondition condition=':= ic2MountainCopperDist = "StrategicClouds"'>
            <Cloud name='ic2MountainCopperCloud'  inherits='PresetStrategicCloud' drawWireframe='true' wireframeColor='0x60C4733C' drawBoundBox='false' boundBoxColor='0x60C4733C'>
              <Description>
                Large irregular clouds filled  lightly with ore.
                These are  huge, spanning several adjacent  chunks,
                and consequently rather  rare.  They contain a
                sizeable  amount of ore, but it takes some  time and
                effort to mine due to  low density. The intent for
                strategic clouds is that the  player will need to
                actively  search for one and then set up a  semi-
                permanent mining base and  spend some time actually
                mining  the ore.
              </Description>
              <OreBlock block='IC2:blockOreCopper' weight='1.0' />
              <ReplacesOre block='stone' weight='1.0' />
              <BiomeType name='Mountain'  />
              <Setting name='CloudRadius' avg=':= 1.573 * _default_ * ic2MountainCopperSize ' range=':= 1.573 * _default_ * ic2MountainCopperSize ' type='normal' />
              <Setting name='CloudThickness' avg=':= 1.573 * _default_ * ic2MountainCopperSize ' range=':= 1.573 * _default_ * ic2MountainCopperSize ' type='normal' scaleTo='base' />
              <Setting name='DistributionFrequency' avg=':= 2.474 * _default_ * ic2MountainCopperFreq ' range=':= 2.474 * _default_ * ic2MountainCopperFreq ' type='normal' scaleTo='base' />
              <Setting name='CloudHeight' avg=':= 184 ' range=':= 90 ' type='normal' scaleTo='base' />
              <Setting name='ParentRangeLimit' avg=':= _default_ ' range=':= _default_ ' type='normal' />
              <Setting name='CloudSizeNoise' avg=':= _default_ ' range=':= _default_ ' type='normal' />
              <Setting name='CloudInclination' avg=':= _default_ ' range=':= _default_ ' type='normal' />
              <Setting name='OreDensity' avg=':= _default_ ' range=':= _default_ ' type='normal' scaleTo='base' />
              <Setting name='OreVolumeNoiseCutoff' avg=':= _default_ ' range=':= _default_ ' type='normal' />
              <Setting name='OreRadiusMult' avg=':= _default_ ' range=':= _default_ ' type='normal' />
              <Veins name='ic2MountainCopperHintVeins' branchType='Bezier'  inherits='PresetHintVeins' drawWireframe='true' wireframeColor='0x60C4733C' drawBoundBox='false' boundBoxColor='0x60C4733C'>
                <Description>
                  Single blocks, generously  scattered through all
                  heights  (density is about that of  vanilla iron
                  ore). They will  replace dirt and sandstone  (but
                  not grass or sand), so  they can be found nearer to
                  the surface than most ores.  Intened to be used as a
                  child  distribution for large, rare  strategic
                  deposits that would  otherwise be very difficult  to
                  find.  Note that the  frequency is multiplied by
                  ground level to maintain a  constant density, but
                  not by  ore frequency because it is  assumed that
                  the frequency of  the parent distribution will
                  already be scaled by that.
                </Description>
                <OreBlock block='IC2:blockOreCopper' weight='1.0' />
                <Replaces block='minecraft:dirt' weight='1.0' />
                <Replaces block='minecraft:sandstone' weight='1.0' />
                <ReplacesOre block='stone' weight='1.0' />
                <Replaces block='minecraft:gravel' weight='1.0' />
                <Setting name='MotherlodeFrequency' avg=':= 2.167 * _default_ * ic2MountainCopperFreq  * 0.1 ' range=':= 2.167 * _default_ * ic2MountainCopperFreq  * 0.1 ' type='normal' scaleTo='base' />
              </Veins>
            </Cloud>
          </IfCondition>
        </ConfigSection>
        <!-- StrategicClouds Preset for Mountain Copper is  complete. -->


        <!-- Starting Vanilla Preset for Mountain Copper. -->
        <ConfigSection>
          <IfCondition condition=':= ic2MountainCopperDist = "Vanilla"'>
            <StandardGen name='ic2MountainCopperStandard'  inherits='PresetStandardGen' drawWireframe='true' wireframeColor='0x60C4733C' drawBoundBox='false' boundBoxColor='0x60C4733C'>
              <Description>
                A master preset for standardgen  ore distributions.
              </Description>
              <OreBlock block='IC2:blockOreCopper' weight='1.0' />
              <ReplacesOre block='stone' weight='1.0' />
              <BiomeType name='Mountain'  />
              <Setting name='Size' avg=':= 6.667 * ic2MountainCopperSize ' range=':= 3.33 * ic2MountainCopperSize ' type='normal' />
              <Setting name='Frequency' avg=':= 10.0 * ic2MountainCopperFreq ' range=':= 5.0 * ic2MountainCopperFreq ' type='normal' scaleTo='base' />
              <Setting name='Height' avg=':= 184 ' range=':= 90 ' type='normal' scaleTo='base' />
              <Setting name='ParentRangeLimit' avg=':= _default_ ' range=':= _default_ ' type='normal' />
            </StandardGen>
          </IfCondition>
        </ConfigSection>
        <!-- Vanilla Preset for Mountain Copper is complete. -->

        <!-- End Mountain Copper Generation -->


        <!-- Begin Tin Generation -->

        <!-- Starting LayeredVeins Preset for Tin. -->
        <ConfigSection>
          <IfCondition condition=':= ic2TinDist = "LayeredVeins"'>
            <Veins name='ic2TinVeins'  inherits='PresetLayeredVeins' branchType='Bezier' drawWireframe='true' wireframeColor='0x60CDCDCD' drawBoundBox='false' boundBoxColor='0x60CDCDCD'>
              <Description>
                Small, fairly rare motherlodes  with 2-4 horizontal
                veins each.
              </Description>
              <OreBlock block='IC2:blockOreTin' weight='1.0' />
              <ReplacesOre block='stone' weight='1.0' />
              <Biome name='.*'  />
              <Setting name='MotherlodeFrequency' avg=':= 2.167 * _default_ * ic2TinFreq ' range=':= 2.167 * _default_ * ic2TinFreq ' type='normal' scaleTo='base' />
              <Setting name='MotherlodeSize' avg=':= 1.138 * _default_ * ic2TinSize ' range=':= 1.138 * _default_ * ic2TinSize ' type='normal' />
              <Setting name='MotherlodeHeight' avg=':= 20 ' range=':= 20 ' type='normal' scaleTo='base' />
              <Setting name='MotherlodeRangeLimit' avg=':= _default_ ' range=':= _default_ ' type='normal' />
              <Setting name='BranchFrequency' avg=':= _default_ ' range=':= _default_ ' type='normal' />
              <Setting name='BranchInclination' avg=':= _default_ ' range=':= _default_ ' type='normal' />
              <Setting name='BranchLength' avg=':= 1.472 * _default_ ' range=':= 1.472 * _default_ ' type='normal' />
              <Setting name='BranchHeightLimit' avg=':= _default_ ' range=':= _default_ ' type='normal' scaleTo='base' />
              <Setting name='SegmentForkFrequency' avg=':= _default_ ' range=':= _default_ ' type='normal' />
              <Setting name='SegmentForkLengthMult' avg=':= _default_ ' range=':= _default_ ' type='normal' />
              <Setting name='SegmentLength' avg=':= _default_ * ic2TinSize ' range=':= _default_ * ic2TinSize ' type='normal' />
              <Setting name='SegmentAngle' avg=':= _default_ ' range=':= _default_ ' type='normal' />
              <Setting name='SegmentPitch' avg=':= _default_ ' range=':= _default_ ' type='normal' />
              <Setting name='SegmentRadius' avg=':= 1.213 * _default_ * ic2TinSize ' range=':= 1.213 * _default_ * ic2TinSize ' type='normal' />
              <Setting name='OreDensity' avg=':= _default_ ' range=':= _default_ ' type='normal' />
              <Setting name='OreRadiusMult' avg=':= _default_ ' range=':= _default_ ' type='normal' />
            </Veins>
          </IfCondition>
        </ConfigSection>
        <!-- LayeredVeins Preset for Tin is complete. -->


        <!-- Starting StrategicClouds Preset for Tin. -->
        <ConfigSection>
          <IfCondition condition=':= ic2TinDist = "StrategicClouds"'>
            <Cloud name='ic2TinCloud'  inherits='PresetStrategicCloud' drawWireframe='true' wireframeColor='0x60CDCDCD' drawBoundBox='false' boundBoxColor='0x60CDCDCD'>
              <Description>
                Large irregular clouds filled  lightly with ore.
                These are  huge, spanning several adjacent  chunks,
                and consequently rather  rare.  They contain a
                sizeable  amount of ore, but it takes some  time and
                effort to mine due to  low density. The intent for
                strategic clouds is that the  player will need to
                actively  search for one and then set up a  semi-
                permanent mining base and  spend some time actually
                mining  the ore.
              </Description>
              <OreBlock block='IC2:blockOreTin' weight='1.0' />
              <ReplacesOre block='stone' weight='1.0' />
              <Biome name='.*'  />
              <Setting name='CloudRadius' avg=':= 1.573 * _default_ * ic2TinSize ' range=':= 1.573 * _default_ * ic2TinSize ' type='normal' />
              <Setting name='CloudThickness' avg=':= 1.573 * _default_ * ic2TinSize ' range=':= 1.573 * _default_ * ic2TinSize ' type='normal' scaleTo='base' />
              <Setting name='DistributionFrequency' avg=':= 2.474 * _default_ * ic2TinFreq ' range=':= 2.474 * _default_ * ic2TinFreq ' type='normal' scaleTo='base' />
              <Setting name='CloudHeight' avg=':= 20 ' range=':= 20 ' type='normal' scaleTo='base' />
              <Setting name='ParentRangeLimit' avg=':= _default_ ' range=':= _default_ ' type='normal' />
              <Setting name='CloudSizeNoise' avg=':= _default_ ' range=':= _default_ ' type='normal' />
              <Setting name='CloudInclination' avg=':= _default_ ' range=':= _default_ ' type='normal' />
              <Setting name='OreDensity' avg=':= _default_ ' range=':= _default_ ' type='normal' scaleTo='base' />
              <Setting name='OreVolumeNoiseCutoff' avg=':= _default_ ' range=':= _default_ ' type='normal' />
              <Setting name='OreRadiusMult' avg=':= _default_ ' range=':= _default_ ' type='normal' />
              <Veins name='ic2TinHintVeins' branchType='Bezier'  inherits='PresetHintVeins' drawWireframe='true' wireframeColor='0x60CDCDCD' drawBoundBox='false' boundBoxColor='0x60CDCDCD'>
                <Description>
                  Single blocks, generously  scattered through all
                  heights  (density is about that of  vanilla iron
                  ore). They will  replace dirt and sandstone  (but
                  not grass or sand), so  they can be found nearer to
                  the surface than most ores.  Intened to be used as a
                  child  distribution for large, rare  strategic
                  deposits that would  otherwise be very difficult  to
                  find.  Note that the  frequency is multiplied by
                  ground level to maintain a  constant density, but
                  not by  ore frequency because it is  assumed that
                  the frequency of  the parent distribution will
                  already be scaled by that.
                </Description>
                <OreBlock block='IC2:blockOreTin' weight='1.0' />
                <Replaces block='minecraft:dirt' weight='1.0' />
                <Replaces block='minecraft:sandstone' weight='1.0' />
                <ReplacesOre block='stone' weight='1.0' />
                <Replaces block='minecraft:gravel' weight='1.0' />
                <Setting name='MotherlodeFrequency' avg=':= 2.167 * _default_ * ic2TinFreq  * 0.1 ' range=':= 2.167 * _default_ * ic2TinFreq  * 0.1 ' type='normal' scaleTo='base' />
              </Veins>
            </Cloud>
          </IfCondition>
        </ConfigSection>
        <!-- StrategicClouds Preset for Tin is complete. -->


        <!-- Starting Vanilla Preset for Tin. -->
        <ConfigSection>
          <IfCondition condition=':= ic2TinDist = "Vanilla"'>
            <StandardGen name='ic2TinStandard'  inherits='PresetStandardGen' drawWireframe='true' wireframeColor='0x60CDCDCD' drawBoundBox='false' boundBoxColor='0x60CDCDCD'>
              <Description>
                A master preset for standardgen  ore distributions.
              </Description>
              <OreBlock block='IC2:blockOreTin' weight='1.0' />
              <ReplacesOre block='stone' weight='1.0' />
              <Biome name='.*'  />
              <Setting name='Size' avg=':= 4.0 * ic2TinSize ' range=':= 2.0 * ic2TinSize ' type='normal' />
              <Setting name='Frequency' avg=':= 16.667 * ic2TinFreq ' range=':= 8.33 * ic2TinFreq ' type='normal' scaleTo='base' />
              <Setting name='Height' avg=':= 20 ' range=':= 20 ' type='normal' scaleTo='base' />
              <Setting name='ParentRangeLimit' avg=':= _default_ ' range=':= _default_ ' type='normal' />
            </StandardGen>
          </IfCondition>
        </ConfigSection>
        <!-- Vanilla Preset for Tin is complete. -->

        <!-- End Tin Generation -->


        <!-- Begin Mountain Tin Generation -->

        <!-- Starting LayeredVeins Preset for Mountain Tin. -->
        <ConfigSection>
          <IfCondition condition=':= ic2MountainTinDist = "LayeredVeins"'>
            <Veins name='ic2MountainTinVeins'  inherits='PresetLayeredVeins' branchType='Bezier' drawWireframe='true' wireframeColor='0x60CDCDCD' drawBoundBox='false' boundBoxColor='0x60CDCDCD'>
              <Description>
                Small, fairly rare motherlodes  with 2-4 horizontal
                veins each.
              </Description>
              <OreBlock block='IC2:blockOreTin' weight='1.0' />
              <ReplacesOre block='stone' weight='1.0' />
              <BiomeType name='Mountain'  />
              <Setting name='MotherlodeFrequency' avg=':= 2.167 * _default_ * ic2MountainTinFreq ' range=':= 2.167 * _default_ * ic2MountainTinFreq ' type='normal' scaleTo='base' />
              <Setting name='MotherlodeSize' avg=':= 1.138 * _default_ * ic2MountainTinSize ' range=':= 1.138 * _default_ * ic2MountainTinSize ' type='normal' />
              <Setting name='MotherlodeHeight' avg=':= 124 ' range=':= 60 ' type='normal' scaleTo='base' />
              <Setting name='MotherlodeRangeLimit' avg=':= _default_ ' range=':= _default_ ' type='normal' />
              <Setting name='BranchFrequency' avg=':= _default_ ' range=':= _default_ ' type='normal' />
              <Setting name='BranchInclination' avg=':= _default_ ' range=':= _default_ ' type='normal' />
              <Setting name='BranchLength' avg=':= 1.472 * _default_ ' range=':= 1.472 * _default_ ' type='normal' />
              <Setting name='BranchHeightLimit' avg=':= _default_ ' range=':= _default_ ' type='normal' scaleTo='base' />
              <Setting name='SegmentForkFrequency' avg=':= _default_ ' range=':= _default_ ' type='normal' />
              <Setting name='SegmentForkLengthMult' avg=':= _default_ ' range=':= _default_ ' type='normal' />
              <Setting name='SegmentLength' avg=':= _default_ * ic2MountainTinSize ' range=':= _default_ * ic2MountainTinSize ' type='normal' />
              <Setting name='SegmentAngle' avg=':= _default_ ' range=':= _default_ ' type='normal' />
              <Setting name='SegmentPitch' avg=':= _default_ ' range=':= _default_ ' type='normal' />
              <Setting name='SegmentRadius' avg=':= 1.213 * _default_ * ic2MountainTinSize ' range=':= 1.213 * _default_ * ic2MountainTinSize ' type='normal' />
              <Setting name='OreDensity' avg=':= _default_ ' range=':= _default_ ' type='normal' />
              <Setting name='OreRadiusMult' avg=':= _default_ ' range=':= _default_ ' type='normal' />
            </Veins>
          </IfCondition>
        </ConfigSection>
        <!-- LayeredVeins Preset for Mountain Tin is complete. -->


        <!-- Starting StrategicClouds Preset for Mountain Tin. -->
        <ConfigSection>
          <IfCondition condition=':= ic2MountainTinDist = "StrategicClouds"'>
            <Cloud name='ic2MountainTinCloud'  inherits='PresetStrategicCloud' drawWireframe='true' wireframeColor='0x60CDCDCD' drawBoundBox='false' boundBoxColor='0x60CDCDCD'>
              <Description>
                Large irregular clouds filled  lightly with ore.
                These are  huge, spanning several adjacent  chunks,
                and consequently rather  rare.  They contain a
                sizeable  amount of ore, but it takes some  time and
                effort to mine due to  low density. The intent for
                strategic clouds is that the  player will need to
                actively  search for one and then set up a  semi-
                permanent mining base and  spend some time actually
                mining  the ore.
              </Description>
              <OreBlock block='IC2:blockOreTin' weight='1.0' />
              <ReplacesOre block='stone' weight='1.0' />
              <BiomeType name='Mountain'  />
              <Setting name='CloudRadius' avg=':= 1.573 * _default_ * ic2MountainTinSize ' range=':= 1.573 * _default_ * ic2MountainTinSize ' type='normal' />
              <Setting name='CloudThickness' avg=':= 1.573 * _default_ * ic2MountainTinSize ' range=':= 1.573 * _default_ * ic2MountainTinSize ' type='normal' scaleTo='base' />
              <Setting name='DistributionFrequency' avg=':= 2.474 * _default_ * ic2MountainTinFreq ' range=':= 2.474 * _default_ * ic2MountainTinFreq ' type='normal' scaleTo='base' />
              <Setting name='CloudHeight' avg=':= 124 ' range=':= 60 ' type='normal' scaleTo='base' />
              <Setting name='ParentRangeLimit' avg=':= _default_ ' range=':= _default_ ' type='normal' />
              <Setting name='CloudSizeNoise' avg=':= _default_ ' range=':= _default_ ' type='normal' />
              <Setting name='CloudInclination' avg=':= _default_ ' range=':= _default_ ' type='normal' />
              <Setting name='OreDensity' avg=':= _default_ ' range=':= _default_ ' type='normal' scaleTo='base' />
              <Setting name='OreVolumeNoiseCutoff' avg=':= _default_ ' range=':= _default_ ' type='normal' />
              <Setting name='OreRadiusMult' avg=':= _default_ ' range=':= _default_ ' type='normal' />
              <Veins name='ic2MountainTinHintVeins' branchType='Bezier'  inherits='PresetHintVeins' drawWireframe='true' wireframeColor='0x60CDCDCD' drawBoundBox='false' boundBoxColor='0x60CDCDCD'>
                <Description>
                  Single blocks, generously  scattered through all
                  heights  (density is about that of  vanilla iron
                  ore). They will  replace dirt and sandstone  (but
                  not grass or sand), so  they can be found nearer to
                  the surface than most ores.  Intened to be used as a
                  child  distribution for large, rare  strategic
                  deposits that would  otherwise be very difficult  to
                  find.  Note that the  frequency is multiplied by
                  ground level to maintain a  constant density, but
                  not by  ore frequency because it is  assumed that
                  the frequency of  the parent distribution will
                  already be scaled by that.
                </Description>
                <OreBlock block='IC2:blockOreTin' weight='1.0' />
                <Replaces block='minecraft:dirt' weight='1.0' />
                <Replaces block='minecraft:sandstone' weight='1.0' />
                <ReplacesOre block='stone' weight='1.0' />
                <Replaces block='minecraft:gravel' weight='1.0' />
                <Setting name='MotherlodeFrequency' avg=':= 2.167 * _default_ * ic2MountainTinFreq  * 0.1 ' range=':= 2.167 * _default_ * ic2MountainTinFreq  * 0.1 ' type='normal' scaleTo='base' />
              </Veins>
            </Cloud>
          </IfCondition>
        </ConfigSection>
        <!-- StrategicClouds Preset for Mountain Tin is  complete. -->


        <!-- Starting Vanilla Preset for Mountain Tin. -->
        <ConfigSection>
          <IfCondition condition=':= ic2MountainTinDist = "Vanilla"'>
            <StandardGen name='ic2MountainTinStandard'  inherits='PresetStandardGen' drawWireframe='true' wireframeColor='0x60CDCDCD' drawBoundBox='false' boundBoxColor='0x60CDCDCD'>
              <Description>
                A master preset for standardgen  ore distributions.
              </Description>
              <OreBlock block='IC2:blockOreTin' weight='1.0' />
              <ReplacesOre block='stone' weight='1.0' />
              <BiomeType name='Mountain'  />
              <Setting name='Size' avg=':= 4.0 * ic2MountainTinSize ' range=':= 2.0 * ic2MountainTinSize ' type='normal' />
              <Setting name='Frequency' avg=':= 16.667 * ic2MountainTinFreq ' range=':= 8.33 * ic2MountainTinFreq ' type='normal' scaleTo='base' />
              <Setting name='Height' avg=':= 124 ' range=':= 60 ' type='normal' scaleTo='base' />
              <Setting name='ParentRangeLimit' avg=':= _default_ ' range=':= _default_ ' type='normal' />
            </StandardGen>
          </IfCondition>
        </ConfigSection>
        <!-- Vanilla Preset for Mountain Tin is complete. -->

        <!-- End Mountain Tin Generation -->


        <!-- Begin Uranium Generation -->

        <!-- Starting SparseVeins Preset for Uranium. -->
        <ConfigSection>
          <IfCondition condition=':= ic2UraniumDist = "SparseVeins"'>
            <Veins name='ic2UraniumVeins'  inherits='PresetSparseVeins' branchType='Bezier' drawWireframe='true' wireframeColor='0x606AC312' drawBoundBox='false' boundBoxColor='0x606AC312'>
              <Description>
                Large veins filled very lightly  with ore.  Because
                they contain  less ore per volume, these veins  are
                relatively wide and long.  Mining the ore from them is
                time  consuming compared to solid ore  veins.  They
                are also more  difficult to follow, since it is
                harder to get an idea of their  direction while
                mining.
              </Description>
              <OreBlock block='IC2:blockOreUran' weight='1.0' />
              <ReplacesOre block='stone' weight='1.0' />
              <Biome name='.*'  />
              <Setting name='MotherlodeFrequency' avg=':= 3.355 * _default_ * ic2UraniumFreq ' range=':= 3.355 * _default_ * ic2UraniumFreq ' type='normal' scaleTo='base' />
              <Setting name='MotherlodeSize' avg=':= 0 * _default_ * ic2UraniumSize ' range=':= 0 * _default_ * ic2UraniumSize ' type='normal' />
              <Setting name='MotherlodeHeight' avg=':= 30 ' range=':= 30 ' type='normal' scaleTo='base' />
              <Setting name='MotherlodeRangeLimit' avg=':= _default_ ' range=':= _default_ ' type='normal' />
              <Setting name='BranchFrequency' avg=':= _default_ ' range=':= _default_ ' type='normal' />
              <Setting name='BranchInclination' avg=':= _default_ ' range=':= _default_ ' type='normal' />
              <Setting name='BranchLength' avg=':= 1.832 * _default_ ' range=':= 1.832 * _default_ ' type='normal' />
              <Setting name='BranchHeightLimit' avg=':= _default_ ' range=':= _default_ ' type='normal' scaleTo='base' />
              <Setting name='SegmentForkFrequency' avg=':= _default_ ' range=':= _default_ ' type='normal' />
              <Setting name='SegmentForkLengthMult' avg=':= _default_ ' range=':= _default_ ' type='normal' />
              <Setting name='SegmentLength' avg=':= _default_ * ic2UraniumSize ' range=':= _default_ * ic2UraniumSize ' type='normal' />
              <Setting name='SegmentAngle' avg=':= _default_ ' range=':= _default_ ' type='normal' />
              <Setting name='SegmentPitch' avg=':= _default_ ' range=':= _default_ ' type='normal' />
              <Setting name='SegmentRadius' avg=':= 1.353 * _default_ * ic2UraniumSize ' range=':= 1.353 * _default_ * ic2UraniumSize ' type='normal' />
              <Setting name='OreDensity' avg=':= _default_ ' range=':= _default_ ' type='normal' />
              <Setting name='OreRadiusMult' avg=':= _default_ ' range=':= _default_ ' type='normal' />
            </Veins>
          </IfCondition>
        </ConfigSection>
        <!-- SparseVeins Preset for Uranium is complete. -->


        <!-- Starting StrategicClouds Preset for Uranium. -->
        <ConfigSection>
          <IfCondition condition=':= ic2UraniumDist = "StrategicClouds"'>
            <Cloud name='ic2UraniumCloud'  inherits='PresetStrategicCloud' drawWireframe='true' wireframeColor='0x606AC312' drawBoundBox='false' boundBoxColor='0x606AC312'>
              <Description>
                Large irregular clouds filled  lightly with ore.
                These are  huge, spanning several adjacent  chunks,
                and consequently rather  rare.  They contain a
                sizeable  amount of ore, but it takes some  time and
                effort to mine due to  low density. The intent for
                strategic clouds is that the  player will need to
                actively  search for one and then set up a  semi-
                permanent mining base and  spend some time actually
                mining  the ore.
              </Description>
              <OreBlock block='IC2:blockOreUran' weight='1.0' />
              <ReplacesOre block='stone' weight='1.0' />
              <Biome name='.*'  />
              <Setting name='CloudRadius' avg=':= 1.251 * _default_ * ic2UraniumSize ' range=':= 1.251 * _default_ * ic2UraniumSize ' type='normal' />
              <Setting name='CloudThickness' avg=':= 1.251 * _default_ * ic2UraniumSize ' range=':= 1.251 * _default_ * ic2UraniumSize ' type='normal' scaleTo='base' />
              <Setting name='DistributionFrequency' avg=':= 1.565 * _default_ * ic2UraniumFreq ' range=':= 1.565 * _default_ * ic2UraniumFreq ' type='normal' scaleTo='base' />
              <Setting name='CloudHeight' avg=':= 30 ' range=':= 30 ' type='normal' scaleTo='base' />
              <Setting name='ParentRangeLimit' avg=':= _default_ ' range=':= _default_ ' type='normal' />
              <Setting name='CloudSizeNoise' avg=':= _default_ ' range=':= _default_ ' type='normal' />
              <Setting name='CloudInclination' avg=':= _default_ ' range=':= _default_ ' type='normal' />
              <Setting name='OreDensity' avg=':= _default_ ' range=':= _default_ ' type='normal' scaleTo='base' />
              <Setting name='OreVolumeNoiseCutoff' avg=':= _default_ ' range=':= _default_ ' type='normal' />
              <Setting name='OreRadiusMult' avg=':= _default_ ' range=':= _default_ ' type='normal' />
              <Veins name='ic2UraniumHintVeins' branchType='Bezier'  inherits='PresetHintVeins' drawWireframe='true' wireframeColor='0x606AC312' drawBoundBox='false' boundBoxColor='0x606AC312'>
                <Description>
                  Single blocks, generously  scattered through all
                  heights  (density is about that of  vanilla iron
                  ore). They will  replace dirt and sandstone  (but
                  not grass or sand), so  they can be found nearer to
                  the surface than most ores.  Intened to be used as a
                  child  distribution for large, rare  strategic
                  deposits that would  otherwise be very difficult  to
                  find.  Note that the  frequency is multiplied by
                  ground level to maintain a  constant density, but
                  not by  ore frequency because it is  assumed that
                  the frequency of  the parent distribution will
                  already be scaled by that.
                </Description>
                <OreBlock block='IC2:blockOreUran' weight='1.0' />
                <Replaces block='minecraft:dirt' weight='1.0' />
                <Replaces block='minecraft:sandstone' weight='1.0' />
                <ReplacesOre block='stone' weight='1.0' />
                <Replaces block='minecraft:gravel' weight='1.0' />
                <Setting name='MotherlodeFrequency' avg=':= 3.355 * _default_ * ic2UraniumFreq  * 0.1 ' range=':= 3.355 * _default_ * ic2UraniumFreq  * 0.1 ' type='normal' scaleTo='base' />
              </Veins>
            </Cloud>
          </IfCondition>
        </ConfigSection>
        <!-- StrategicClouds Preset for Uranium is complete. -->


        <!-- Starting Vanilla Preset for Uranium. -->
        <ConfigSection>
          <IfCondition condition=':= ic2UraniumDist = "Vanilla"'>
            <StandardGen name='ic2UraniumStandard'  inherits='PresetStandardGen' drawWireframe='true' wireframeColor='0x606AC312' drawBoundBox='false' boundBoxColor='0x606AC312'>
              <Description>
                A master preset for standardgen  ore distributions.
              </Description>
              <OreBlock block='IC2:blockOreUran' weight='1.0' />
              <ReplacesOre block='stone' weight='1.0' />
              <Biome name='.*'  />
              <Setting name='Size' avg=':= 2.0 * ic2UraniumSize ' range=':= 1.0 * ic2UraniumSize ' type='normal' />
              <Setting name='Frequency' avg=':= 13.333 * ic2UraniumFreq ' range=':= 6.67 * ic2UraniumFreq ' type='normal' scaleTo='base' />
              <Setting name='Height' avg=':= 30 ' range=':= 30 ' type='normal' scaleTo='base' />
              <Setting name='ParentRangeLimit' avg=':= _default_ ' range=':= _default_ ' type='normal' />
            </StandardGen>
          </IfCondition>
        </ConfigSection>
        <!-- Vanilla Preset for Uranium is complete. -->

        <!-- End Uranium Generation -->


        <!-- Begin Mountain Uranium Generation -->

        <!-- Starting SparseVeins Preset for Mountain Uranium. -->
        <ConfigSection>
          <IfCondition condition=':= ic2MountainUraniumDist = "SparseVeins"'>
            <Veins name='ic2MountainUraniumVeins'  inherits='PresetSparseVeins' branchType='Bezier' drawWireframe='true' wireframeColor='0x606AC312' drawBoundBox='false' boundBoxColor='0x606AC312'>
              <Description>
                Large veins filled very lightly  with ore.  Because
                they contain  less ore per volume, these veins  are
                relatively wide and long.  Mining the ore from them is
                time  consuming compared to solid ore  veins.  They
                are also more  difficult to follow, since it is
                harder to get an idea of their  direction while
                mining.
              </Description>
              <OreBlock block='IC2:blockOreUran' weight='1.0' />
              <ReplacesOre block='stone' weight='1.0' />
              <BiomeType name='Mountain'  />
              <Setting name='MotherlodeFrequency' avg=':= 3.355 * _default_ * ic2MountainUraniumFreq ' range=':= 3.355 * _default_ * ic2MountainUraniumFreq ' type='normal' scaleTo='base' />
              <Setting name='MotherlodeSize' avg=':= 0 * _default_ * ic2MountainUraniumSize ' range=':= 0 * _default_ * ic2MountainUraniumSize ' type='normal' />
              <Setting name='MotherlodeHeight' avg=':= 154 ' range=':= 90 ' type='normal' scaleTo='base' />
              <Setting name='MotherlodeRangeLimit' avg=':= _default_ ' range=':= _default_ ' type='normal' />
              <Setting name='BranchFrequency' avg=':= _default_ ' range=':= _default_ ' type='normal' />
              <Setting name='BranchInclination' avg=':= _default_ ' range=':= _default_ ' type='normal' />
              <Setting name='BranchLength' avg=':= 1.832 * _default_ ' range=':= 1.832 * _default_ ' type='normal' />
              <Setting name='BranchHeightLimit' avg=':= _default_ ' range=':= _default_ ' type='normal' scaleTo='base' />
              <Setting name='SegmentForkFrequency' avg=':= _default_ ' range=':= _default_ ' type='normal' />
              <Setting name='SegmentForkLengthMult' avg=':= _default_ ' range=':= _default_ ' type='normal' />
              <Setting name='SegmentLength' avg=':= _default_ * ic2MountainUraniumSize ' range=':= _default_ * ic2MountainUraniumSize ' type='normal' />
              <Setting name='SegmentAngle' avg=':= _default_ ' range=':= _default_ ' type='normal' />
              <Setting name='SegmentPitch' avg=':= _default_ ' range=':= _default_ ' type='normal' />
              <Setting name='SegmentRadius' avg=':= 1.353 * _default_ * ic2MountainUraniumSize ' range=':= 1.353 * _default_ * ic2MountainUraniumSize ' type='normal' />
              <Setting name='OreDensity' avg=':= _default_ ' range=':= _default_ ' type='normal' />
              <Setting name='OreRadiusMult' avg=':= _default_ ' range=':= _default_ ' type='normal' />
            </Veins>
          </IfCondition>
        </ConfigSection>
        <!-- SparseVeins Preset for Mountain Uranium is  complete. -->


        <!-- Starting StrategicClouds Preset for Mountain  Uranium. -->
        <ConfigSection>
          <IfCondition condition=':= ic2MountainUraniumDist = "StrategicClouds"'>
            <Cloud name='ic2MountainUraniumCloud'  inherits='PresetStrategicCloud' drawWireframe='true' wireframeColor='0x606AC312' drawBoundBox='false' boundBoxColor='0x606AC312'>
              <Description>
                Large irregular clouds filled  lightly with ore.
                These are  huge, spanning several adjacent  chunks,
                and consequently rather  rare.  They contain a
                sizeable  amount of ore, but it takes some  time and
                effort to mine due to  low density. The intent for
                strategic clouds is that the  player will need to
                actively  search for one and then set up a  semi-
                permanent mining base and  spend some time actually
                mining  the ore.
              </Description>
              <OreBlock block='IC2:blockOreUran' weight='1.0' />
              <ReplacesOre block='stone' weight='1.0' />
              <BiomeType name='Mountain'  />
              <Setting name='CloudRadius' avg=':= 1.251 * _default_ * ic2MountainUraniumSize ' range=':= 1.251 * _default_ * ic2MountainUraniumSize ' type='normal' />
              <Setting name='CloudThickness' avg=':= 1.251 * _default_ * ic2MountainUraniumSize ' range=':= 1.251 * _default_ * ic2MountainUraniumSize ' type='normal' scaleTo='base' />
              <Setting name='DistributionFrequency' avg=':= 1.565 * _default_ * ic2MountainUraniumFreq ' range=':= 1.565 * _default_ * ic2MountainUraniumFreq ' type='normal' scaleTo='base' />
              <Setting name='CloudHeight' avg=':= 154 ' range=':= 90 ' type='normal' scaleTo='base' />
              <Setting name='ParentRangeLimit' avg=':= _default_ ' range=':= _default_ ' type='normal' />
              <Setting name='CloudSizeNoise' avg=':= _default_ ' range=':= _default_ ' type='normal' />
              <Setting name='CloudInclination' avg=':= _default_ ' range=':= _default_ ' type='normal' />
              <Setting name='OreDensity' avg=':= _default_ ' range=':= _default_ ' type='normal' scaleTo='base' />
              <Setting name='OreVolumeNoiseCutoff' avg=':= _default_ ' range=':= _default_ ' type='normal' />
              <Setting name='OreRadiusMult' avg=':= _default_ ' range=':= _default_ ' type='normal' />
              <Veins name='ic2MountainUraniumHintVeins' branchType='Bezier'  inherits='PresetHintVeins' drawWireframe='true' wireframeColor='0x606AC312' drawBoundBox='false' boundBoxColor='0x606AC312'>
                <Description>
                  Single blocks, generously  scattered through all
                  heights  (density is about that of  vanilla iron
                  ore). They will  replace dirt and sandstone  (but
                  not grass or sand), so  they can be found nearer to
                  the surface than most ores.  Intened to be used as a
                  child  distribution for large, rare  strategic
                  deposits that would  otherwise be very difficult  to
                  find.  Note that the  frequency is multiplied by
                  ground level to maintain a  constant density, but
                  not by  ore frequency because it is  assumed that
                  the frequency of  the parent distribution will
                  already be scaled by that.
                </Description>
                <OreBlock block='IC2:blockOreUran' weight='1.0' />
                <Replaces block='minecraft:dirt' weight='1.0' />
                <Replaces block='minecraft:sandstone' weight='1.0' />
                <ReplacesOre block='stone' weight='1.0' />
                <Replaces block='minecraft:gravel' weight='1.0' />
                <Setting name='MotherlodeFrequency' avg=':= 3.355 * _default_ * ic2MountainUraniumFreq  * 0.1 ' range=':= 3.355 * _default_ * ic2MountainUraniumFreq  * 0.1 ' type='normal' scaleTo='base' />
              </Veins>
            </Cloud>
          </IfCondition>
        </ConfigSection>
        <!-- StrategicClouds Preset for Mountain Uranium is  complete. -->


        <!-- Starting Vanilla Preset for Mountain Uranium. -->
        <ConfigSection>
          <IfCondition condition=':= ic2MountainUraniumDist = "Vanilla"'>
            <StandardGen name='ic2MountainUraniumStandard'  inherits='PresetStandardGen' drawWireframe='true' wireframeColor='0x606AC312' drawBoundBox='false' boundBoxColor='0x606AC312'>
              <Description>
                A master preset for standardgen  ore distributions.
              </Description>
              <OreBlock block='IC2:blockOreUran' weight='1.0' />
              <ReplacesOre block='stone' weight='1.0' />
              <BiomeType name='Mountain'  />
              <Setting name='Size' avg=':= 2.0 * ic2MountainUraniumSize ' range=':= 1.0 * ic2MountainUraniumSize ' type='normal' />
              <Setting name='Frequency' avg=':= 13.333 * ic2MountainUraniumFreq ' range=':= 6.67 * ic2MountainUraniumFreq ' type='normal' scaleTo='base' />
              <Setting name='Height' avg=':= 154 ' range=':= 90 ' type='normal' scaleTo='base' />
              <Setting name='ParentRangeLimit' avg=':= _default_ ' range=':= _default_ ' type='normal' />
            </StandardGen>
          </IfCondition>
        </ConfigSection>
        <!-- Vanilla Preset for Mountain Uranium is complete. -->

        <!-- End Mountain Uranium Generation -->


        <!-- Begin Lead Generation -->

        <!-- Starting LayeredVeins Preset for Lead. -->
        <ConfigSection>
          <IfCondition condition=':= ic2LeadDist = "LayeredVeins"'>
            <Veins name='ic2LeadVeins'  inherits='PresetLayeredVeins' branchType='Bezier' drawWireframe='true' wireframeColor='0x60829199' drawBoundBox='false' boundBoxColor='0x60829199'>
              <Description>
                Small, fairly rare motherlodes  with 2-4 horizontal
                veins each.
              </Description>
              <OreBlock block='IC2:blockOreLead' weight='1.0' />
              <ReplacesOre block='stone' weight='1.0' />
              <Biome name='.*'  />
              <Setting name='MotherlodeFrequency' avg=':= 1.001 * _default_ * ic2LeadFreq ' range=':= 1.001 * _default_ * ic2LeadFreq ' type='normal' scaleTo='base' />
              <Setting name='MotherlodeSize' avg=':= 1.000 * _default_ * ic2LeadSize ' range=':= 1.000 * _default_ * ic2LeadSize ' type='normal' />
              <Setting name='MotherlodeHeight' avg=':= 30 ' range=':= 30 ' type='normal' scaleTo='base' />
              <Setting name='MotherlodeRangeLimit' avg=':= _default_ ' range=':= _default_ ' type='normal' />
              <Setting name='BranchFrequency' avg=':= _default_ ' range=':= _default_ ' type='normal' />
              <Setting name='BranchInclination' avg=':= _default_ ' range=':= _default_ ' type='normal' />
              <Setting name='BranchLength' avg=':= 1.000 * _default_ ' range=':= 1.000 * _default_ ' type='normal' />
              <Setting name='BranchHeightLimit' avg=':= _default_ ' range=':= _default_ ' type='normal' scaleTo='base' />
              <Setting name='SegmentForkFrequency' avg=':= _default_ ' range=':= _default_ ' type='normal' />
              <Setting name='SegmentForkLengthMult' avg=':= _default_ ' range=':= _default_ ' type='normal' />
              <Setting name='SegmentLength' avg=':= _default_ * ic2LeadSize ' range=':= _default_ * ic2LeadSize ' type='normal' />
              <Setting name='SegmentAngle' avg=':= _default_ ' range=':= _default_ ' type='normal' />
              <Setting name='SegmentPitch' avg=':= _default_ ' range=':= _default_ ' type='normal' />
              <Setting name='SegmentRadius' avg=':= 1.000 * _default_ * ic2LeadSize ' range=':= 1.000 * _default_ * ic2LeadSize ' type='normal' />
              <Setting name='OreDensity' avg=':= _default_ ' range=':= _default_ ' type='normal' />
              <Setting name='OreRadiusMult' avg=':= _default_ ' range=':= _default_ ' type='normal' />
            </Veins>
          </IfCondition>
        </ConfigSection>
        <!-- LayeredVeins Preset for Lead is complete. -->


        <!-- Starting StrategicClouds Preset for Lead. -->
        <ConfigSection>
          <IfCondition condition=':= ic2LeadDist = "StrategicClouds"'>
            <Cloud name='ic2LeadCloud'  inherits='PresetStrategicCloud' drawWireframe='true' wireframeColor='0x60829199' drawBoundBox='false' boundBoxColor='0x60829199'>
              <Description>
                Large irregular clouds filled  lightly with ore.
                These are  huge, spanning several adjacent  chunks,
                and consequently rather  rare.  They contain a
                sizeable  amount of ore, but it takes some  time and
                effort to mine due to  low density. The intent for
                strategic clouds is that the  player will need to
                actively  search for one and then set up a  semi-
                permanent mining base and  spend some time actually
                mining  the ore.
              </Description>
              <OreBlock block='IC2:blockOreLead' weight='1.0' />
              <ReplacesOre block='stone' weight='1.0' />
              <Biome name='.*'  />
              <Setting name='CloudRadius' avg=':= 1.069 * _default_ * ic2LeadSize ' range=':= 1.069 * _default_ * ic2LeadSize ' type='normal' />
              <Setting name='CloudThickness' avg=':= 1.069 * _default_ * ic2LeadSize ' range=':= 1.069 * _default_ * ic2LeadSize ' type='normal' scaleTo='base' />
              <Setting name='DistributionFrequency' avg=':= 1.143 * _default_ * ic2LeadFreq ' range=':= 1.143 * _default_ * ic2LeadFreq ' type='normal' scaleTo='base' />
              <Setting name='CloudHeight' avg=':= 30 ' range=':= 30 ' type='normal' scaleTo='base' />
              <Setting name='ParentRangeLimit' avg=':= _default_ ' range=':= _default_ ' type='normal' />
              <Setting name='CloudSizeNoise' avg=':= _default_ ' range=':= _default_ ' type='normal' />
              <Setting name='CloudInclination' avg=':= _default_ ' range=':= _default_ ' type='normal' />
              <Setting name='OreDensity' avg=':= _default_ ' range=':= _default_ ' type='normal' scaleTo='base' />
              <Setting name='OreVolumeNoiseCutoff' avg=':= _default_ ' range=':= _default_ ' type='normal' />
              <Setting name='OreRadiusMult' avg=':= _default_ ' range=':= _default_ ' type='normal' />
              <Veins name='ic2LeadHintVeins' branchType='Bezier'  inherits='PresetHintVeins' drawWireframe='true' wireframeColor='0x60829199' drawBoundBox='false' boundBoxColor='0x60829199'>
                <Description>
                  Single blocks, generously  scattered through all
                  heights  (density is about that of  vanilla iron
                  ore). They will  replace dirt and sandstone  (but
                  not grass or sand), so  they can be found nearer to
                  the surface than most ores.  Intened to be used as a
                  child  distribution for large, rare  strategic
                  deposits that would  otherwise be very difficult  to
                  find.  Note that the  frequency is multiplied by
                  ground level to maintain a  constant density, but
                  not by  ore frequency because it is  assumed that
                  the frequency of  the parent distribution will
                  already be scaled by that.
                </Description>
                <OreBlock block='IC2:blockOreLead' weight='1.0' />
                <Replaces block='minecraft:dirt' weight='1.0' />
                <Replaces block='minecraft:sandstone' weight='1.0' />
                <ReplacesOre block='stone' weight='1.0' />
                <Replaces block='minecraft:gravel' weight='1.0' />
                <Setting name='MotherlodeFrequency' avg=':= 1.001 * _default_ * ic2LeadFreq  * 0.1 ' range=':= 1.001 * _default_ * ic2LeadFreq  * 0.1 ' type='normal' scaleTo='base' />
              </Veins>
            </Cloud>
          </IfCondition>
        </ConfigSection>
        <!-- StrategicClouds Preset for Lead is complete. -->


        <!-- Starting Vanilla Preset for Lead. -->
        <ConfigSection>
          <IfCondition condition=':= ic2LeadDist = "Vanilla"'>
            <StandardGen name='ic2LeadStandard'  inherits='PresetStandardGen' drawWireframe='true' wireframeColor='0x60829199' drawBoundBox='false' boundBoxColor='0x60829199'>
              <Description>
                A master preset for standardgen  ore distributions.
              </Description>
              <OreBlock block='IC2:blockOreLead' weight='1.0' />
              <ReplacesOre block='stone' weight='1.0' />
              <Biome name='.*'  />
              <Setting name='Size' avg=':= 2.667 * ic2LeadSize ' range=':= 1.33 * ic2LeadSize ' type='normal' />
              <Setting name='Frequency' avg=':= 5.333 * ic2LeadFreq ' range=':= 2.67 * ic2LeadFreq ' type='normal' scaleTo='base' />
              <Setting name='Height' avg=':= 30 ' range=':= 30 ' type='normal' scaleTo='base' />
              <Setting name='ParentRangeLimit' avg=':= _default_ ' range=':= _default_ ' type='normal' />
            </StandardGen>
          </IfCondition>
        </ConfigSection>
        <!-- Vanilla Preset for Lead is complete. -->

        <!-- End Lead Generation -->


        <!-- Begin Mountain Lead Generation -->

        <!-- Starting LayeredVeins Preset for Mountain Lead. -->
        <ConfigSection>
          <IfCondition condition=':= ic2MountainLeadDist = "LayeredVeins"'>
            <Veins name='ic2MountainLeadVeins'  inherits='PresetLayeredVeins' branchType='Bezier' drawWireframe='true' wireframeColor='0x60829199' drawBoundBox='false' boundBoxColor='0x60829199'>
              <Description>
                Small, fairly rare motherlodes  with 2-4 horizontal
                veins each.
              </Description>
              <OreBlock block='IC2:blockOreLead' weight='1.0' />
              <ReplacesOre block='stone' weight='1.0' />
              <BiomeType name='Mountain'  />
              <Setting name='MotherlodeFrequency' avg=':= 1.001 * _default_ * ic2MountainLeadFreq ' range=':= 1.001 * _default_ * ic2MountainLeadFreq ' type='normal' scaleTo='base' />
              <Setting name='MotherlodeSize' avg=':= 1.000 * _default_ * ic2MountainLeadSize ' range=':= 1.000 * _default_ * ic2MountainLeadSize ' type='normal' />
              <Setting name='MotherlodeHeight' avg=':= 154 ' range=':= 90 ' type='normal' scaleTo='base' />
              <Setting name='MotherlodeRangeLimit' avg=':= _default_ ' range=':= _default_ ' type='normal' />
              <Setting name='BranchFrequency' avg=':= _default_ ' range=':= _default_ ' type='normal' />
              <Setting name='BranchInclination' avg=':= _default_ ' range=':= _default_ ' type='normal' />
              <Setting name='BranchLength' avg=':= 1.000 * _default_ ' range=':= 1.000 * _default_ ' type='normal' />
              <Setting name='BranchHeightLimit' avg=':= _default_ ' range=':= _default_ ' type='normal' scaleTo='base' />
              <Setting name='SegmentForkFrequency' avg=':= _default_ ' range=':= _default_ ' type='normal' />
              <Setting name='SegmentForkLengthMult' avg=':= _default_ ' range=':= _default_ ' type='normal' />
              <Setting name='SegmentLength' avg=':= _default_ * ic2MountainLeadSize ' range=':= _default_ * ic2MountainLeadSize ' type='normal' />
              <Setting name='SegmentAngle' avg=':= _default_ ' range=':= _default_ ' type='normal' />
              <Setting name='SegmentPitch' avg=':= _default_ ' range=':= _default_ ' type='normal' />
              <Setting name='SegmentRadius' avg=':= 1.000 * _default_ * ic2MountainLeadSize ' range=':= 1.000 * _default_ * ic2MountainLeadSize ' type='normal' />
              <Setting name='OreDensity' avg=':= _default_ ' range=':= _default_ ' type='normal' />
              <Setting name='OreRadiusMult' avg=':= _default_ ' range=':= _default_ ' type='normal' />
            </Veins>
          </IfCondition>
        </ConfigSection>
        <!-- LayeredVeins Preset for Mountain Lead is  complete. -->


        <!-- Starting StrategicClouds Preset for Mountain  Lead. -->
        <ConfigSection>
          <IfCondition condition=':= ic2MountainLeadDist = "StrategicClouds"'>
            <Cloud name='ic2MountainLeadCloud'  inherits='PresetStrategicCloud' drawWireframe='true' wireframeColor='0x60829199' drawBoundBox='false' boundBoxColor='0x60829199'>
              <Description>
                Large irregular clouds filled  lightly with ore.
                These are  huge, spanning several adjacent  chunks,
                and consequently rather  rare.  They contain a
                sizeable  amount of ore, but it takes some  time and
                effort to mine due to  low density. The intent for
                strategic clouds is that the  player will need to
                actively  search for one and then set up a  semi-
                permanent mining base and  spend some time actually
                mining  the ore.
              </Description>
              <OreBlock block='IC2:blockOreLead' weight='1.0' />
              <ReplacesOre block='stone' weight='1.0' />
              <BiomeType name='Mountain'  />
              <Setting name='CloudRadius' avg=':= 1.069 * _default_ * ic2MountainLeadSize ' range=':= 1.069 * _default_ * ic2MountainLeadSize ' type='normal' />
              <Setting name='CloudThickness' avg=':= 1.069 * _default_ * ic2MountainLeadSize ' range=':= 1.069 * _default_ * ic2MountainLeadSize ' type='normal' scaleTo='base' />
              <Setting name='DistributionFrequency' avg=':= 1.143 * _default_ * ic2MountainLeadFreq ' range=':= 1.143 * _default_ * ic2MountainLeadFreq ' type='normal' scaleTo='base' />
              <Setting name='CloudHeight' avg=':= 154 ' range=':= 90 ' type='normal' scaleTo='base' />
              <Setting name='ParentRangeLimit' avg=':= _default_ ' range=':= _default_ ' type='normal' />
              <Setting name='CloudSizeNoise' avg=':= _default_ ' range=':= _default_ ' type='normal' />
              <Setting name='CloudInclination' avg=':= _default_ ' range=':= _default_ ' type='normal' />
              <Setting name='OreDensity' avg=':= _default_ ' range=':= _default_ ' type='normal' scaleTo='base' />
              <Setting name='OreVolumeNoiseCutoff' avg=':= _default_ ' range=':= _default_ ' type='normal' />
              <Setting name='OreRadiusMult' avg=':= _default_ ' range=':= _default_ ' type='normal' />
              <Veins name='ic2MountainLeadHintVeins' branchType='Bezier'  inherits='PresetHintVeins' drawWireframe='true' wireframeColor='0x60829199' drawBoundBox='false' boundBoxColor='0x60829199'>
                <Description>
                  Single blocks, generously  scattered through all
                  heights  (density is about that of  vanilla iron
                  ore). They will  replace dirt and sandstone  (but
                  not grass or sand), so  they can be found nearer to
                  the surface than most ores.  Intened to be used as a
                  child  distribution for large, rare  strategic
                  deposits that would  otherwise be very difficult  to
                  find.  Note that the  frequency is multiplied by
                  ground level to maintain a  constant density, but
                  not by  ore frequency because it is  assumed that
                  the frequency of  the parent distribution will
                  already be scaled by that.
                </Description>
                <OreBlock block='IC2:blockOreLead' weight='1.0' />
                <Replaces block='minecraft:dirt' weight='1.0' />
                <Replaces block='minecraft:sandstone' weight='1.0' />
                <ReplacesOre block='stone' weight='1.0' />
                <Replaces block='minecraft:gravel' weight='1.0' />
                <Setting name='MotherlodeFrequency' avg=':= 1.001 * _default_ * ic2MountainLeadFreq  * 0.1 ' range=':= 1.001 * _default_ * ic2MountainLeadFreq  * 0.1 ' type='normal' scaleTo='base' />
              </Veins>
            </Cloud>
          </IfCondition>
        </ConfigSection>
        <!-- StrategicClouds Preset for Mountain Lead is  complete. -->


        <!-- Starting Vanilla Preset for Mountain Lead. -->
        <ConfigSection>
          <IfCondition condition=':= ic2MountainLeadDist = "Vanilla"'>
            <StandardGen name='ic2MountainLeadStandard'  inherits='PresetStandardGen' drawWireframe='true' wireframeColor='0x60829199' drawBoundBox='false' boundBoxColor='0x60829199'>
              <Description>
                A master preset for standardgen  ore distributions.
              </Description>
              <OreBlock block='IC2:blockOreLead' weight='1.0' />
              <ReplacesOre block='stone' weight='1.0' />
              <BiomeType name='Mountain'  />
              <Setting name='Size' avg=':= 2.667 * ic2MountainLeadSize ' range=':= 1.33 * ic2MountainLeadSize ' type='normal' />
              <Setting name='Frequency' avg=':= 5.333 * ic2MountainLeadFreq ' range=':= 2.67 * ic2MountainLeadFreq ' type='normal' scaleTo='base' />
              <Setting name='Height' avg=':= 154 ' range=':= 90 ' type='normal' scaleTo='base' />
              <Setting name='ParentRangeLimit' avg=':= _default_ ' range=':= _default_ ' type='normal' />
            </StandardGen>
          </IfCondition>
        </ConfigSection>
        <!-- Vanilla Preset for Mountain Lead is complete. -->

        <!-- End Mountain Lead Generation -->

        <!-- Finished adding blocks -->

      </IfCondition>
      <!-- Overworld Setup Complete -->

    </IfCondition>

  </ConfigSection>
  <!-- Configuration for Custom Ore Generation Complete! -->

</IfModInstalled>
<!-- The "IndustrialCraft 2" mod is now configured. -->





<!-- =================================================================
     This file was made using the Sprocket Advanced Configuration
     Generator.  If you wish to make your own configurations for a mod
     not currently supported by Custom Ore Generation, and you don't
     want the hassle of writing XML, you can find the generator script
     at its GitHub page: http://https://github.com/reteo/Sprocket
     ================================================================= -->
